unit,section,cefr,teaching_objective,skill_name,levels_total,skill_levels,practice_levels,chest_levels,unit_review_levels,total_sessions,guidebook_url
1,1,Intro,learn the alphabet,Letters 1,5,2,1,1,1,19,https://d1btvuu4dwu627.cloudfront.net/guidebook/compiled/he/en/iOS/1/293b43d6adab62f786ae7ad90f24d2c40c47a7a37b05a898cd0af846c2173be21f323a30175142169eb86af71299d2004582c88b8330c6ef72123bdd9cb9646a/14.json
2,1,Intro,,Letters 2,5,2,1,1,1,14,https://d1btvuu4dwu627.cloudfront.net/guidebook/compiled/he/en/iOS/1/3a91160ef099c2aeeea610b4bff1676b70ef9dec1eaf42ce9b1a22d2933d1aeff9f2c72e710cc8a286eed96329a074efc24e66db955357e7987d9fcbd5b32d6a/7.json
3,1,Intro,learn the alphabet,Letters 3,5,2,1,1,1,19,https://d1btvuu4dwu627.cloudfront.net/guidebook/compiled/he/en/iOS/1/fb1017b3eb3ac7d70002a427b10c810690af5ffcfeb74351add20eca42eff02071bbe42b24249a55551fa8b3453d38c3c5c1839f86635e958958b2345274439b/14.json
4,1,Intro,greet people,Phrases,6,2,2,1,1,16,https://d1btvuu4dwu627.cloudfront.net/guidebook/compiled/he/en/iOS/1/0130dd52bf451b1cbc60c6d90e1f688361d08d86b1c22a95e435b7f4a1c6d0b0851815dabfc98eb71ac06b31a90d2261d86e11aa5f76544602c27015e2d02faa/15.json
5,1,Intro,describe people,Basics,6,2,2,1,1,11,https://d1btvuu4dwu627.cloudfront.net/guidebook/compiled/he/en/iOS/1/1676b3075f3bc6df19b9ef3284f6ba5ecec0aa15e476febc79dea96bcf0d38be8a144ee3fa7d4b3e720800876a5ac88f34a023391154d4c010861ad49cc623c6/14.json
6,1,Intro,form basic sentences,There is,7,2,2,2,1,15,https://d1btvuu4dwu627.cloudfront.net/guidebook/compiled/he/en/iOS/1/ebd60f02f5d9ce6d584a61f14db433ea9d564d731f34c034971ecb8f3d6461a91be545fab7bf2b5933ea84163f88f2f7645c36e5e40ebae75f1819d535ae3627/15.json
7,1,Intro,use adjectives,Adj. Intro,6,2,2,1,1,14,https://d1btvuu4dwu627.cloudfront.net/guidebook/compiled/he/en/iOS/1/b8f2d921a6580b78ecd1d150f1d69dd4a9c50019b2a5a8a313fb238c529cf2cd47f60ba3195a7938be8f7734ab816395a96177ffa99c95d06f768ce84685d57c/15.json
8,1,Intro,talk about food,Food 1,6,2,2,1,1,21,https://d1btvuu4dwu627.cloudfront.net/guidebook/compiled/he/en/iOS/1/95102e17a5ba06f342d7829b7cf7c4014ff1e7bed159274c351fbeb9cf39ce00d4244b0522ff05d1d5a31e8689e52df76ca3294a09ed00e59f1036cf670de80c/14.json
9,1,Intro,describe animals,Animals,7,2,2,2,1,17,https://d1btvuu4dwu627.cloudfront.net/guidebook/compiled/he/en/iOS/1/5e846c8a21342e572ea6cd615d8087120d8aaa4a99ab82046d4977842f0db62070936f5afa57317a2502d6daa78cf0f8a746c8561f584ffd0e38ef5de4fcff52/14.json
10,1,Intro,form the plural,Plurals,6,2,2,1,1,16,https://d1btvuu4dwu627.cloudfront.net/guidebook/compiled/he/en/iOS/1/9cdad26c16f80e39282ab3fe0d1af4e929c8b5689ae841d94549cc6c39f5ed09e742607bdde0c3c895b3afbbd764cab0c31aa6d3e17b5905c6cdb4f99cb42225/15.json
11,1,Intro,form the possessive,Possess.1,6,2,2,1,1,14,https://d1btvuu4dwu627.cloudfront.net/guidebook/compiled/he/en/iOS/1/64c5ba1de2638e3ac11bbc60d193b53c2774887a6e2c8636d19a99cbb190a419e954d8cfda658c9d89c3390110154ad91ef95621341c371190ecb09f846e5f03/15.json
12,1,Intro,describe locations,Adj. 1,7,2,2,2,1,16,https://d1btvuu4dwu627.cloudfront.net/guidebook/compiled/he/en/iOS/1/373b9b278f57da956a0230fec61536d7c199f7e17d30cebef55d11c97f0e5d813aad7e0dc253cc0e45c65f1314a1c480f844c200f6ac1be2e0810b8d0990e9b1/15.json
13,1,Intro,use object pronouns,Dir. Obj.,6,2,2,1,1,12,https://d1btvuu4dwu627.cloudfront.net/guidebook/compiled/he/en/iOS/1/5620c424dff973f6150302b0a6efd650cd28bedbd9b2457600a35594a5bd953735f5d4655a6bdf6893e11f686ebc924e43adcc1c9c0a139e1bd6b279468eb40c/15.json
14,1,Intro,order at a restaurant,Food 2,6,2,2,1,1,25,https://d1btvuu4dwu627.cloudfront.net/guidebook/compiled/he/en/iOS/1/47c12b18d0d8c87cd56c591314b127a7216edd7197495cbd9e136982107126238c6ff6b141f128559b2b65d2f3150988eda7216c87897c3676d8cd4ec227e00f/15.json
15,1,Intro,discuss clothes,Clothing,7,2,2,2,1,21,https://d1btvuu4dwu627.cloudfront.net/guidebook/compiled/he/en/iOS/1/9cd74b7d586a32b18f92f1bc5270e96f27590b0fb83a64f2adb3de6a482b4d632d5f0664f68453a7145abc983782a7a966822e527f59f9481758c3a3eaf427ae/14.json
16,1,Intro,form verbs in the present,Present 1,6,2,2,1,1,30,https://d1btvuu4dwu627.cloudfront.net/guidebook/compiled/he/en/iOS/1/23ec1dba84c3c4cc3835c96a861c72928742bdd9bbbb4d2764e4664b542eee9198dba45ed1a8afce52c9fcbd04bc8a9447744bc69e311b189baf019504aeb236/15.json
17,2,A1,discuss colors,Colors,6,2,2,1,1,12,https://d1btvuu4dwu627.cloudfront.net/guidebook/compiled/he/en/iOS/1/fe4e69506bbb9f1b4941b3b1e060eb1c9fbe29296a254c0ef1637c9bda95533207db4f1b95dc6878754bfcf2f478057bf8ba5a05e9106cfd985c24add69fdf6e/15.json
18,2,A1,express actions with objects,Prep. 1,7,2,2,2,1,26,https://d1btvuu4dwu627.cloudfront.net/guidebook/compiled/he/en/iOS/1/d35af8ab67e732dd4969b7ed3b85a68a532952ff4a35d15e359c8f428209519575ea543583e08395bb0bf488669953402df56c2ee17b61011e98c7fa07f566a4/15.json
19,2,A1,describe amounts,Numbers 1,6,2,2,1,1,25,https://d1btvuu4dwu627.cloudfront.net/guidebook/compiled/he/en/iOS/1/349d3194829d355ec60e0ec22595f56e4456c07917a3e1b7cf15253b8388fcead270a49e9030eef7144b88e796ac9650b2f59252a0fb7eb5195673371fc7d0b5/14.json
20,2,A1,ask questions,Questions,6,2,2,1,1,17,https://d1btvuu4dwu627.cloudfront.net/guidebook/compiled/he/en/iOS/1/47771384354edaf4c6950d847de2bf87779a9e56c7168546349b53add63019e82ef1c12a3404f3c9d05e44819c85fb48f16405d1848826307a7c854bf67b0bb2/15.json
21,2,A1,talk about daily life,Determiner,7,2,2,2,1,21,https://d1btvuu4dwu627.cloudfront.net/guidebook/compiled/he/en/iOS/1/0da0680369a679506e960cd2b54ac651c298863cd75f0d279e2499e62b1e7556e219f1186bc6a23a2c46ff9cca4d2ba44f834e03e08fe637ff3af4436e3e32fd/15.json
22,2,A1,discuss work,Occupation,6,2,2,1,1,20,https://d1btvuu4dwu627.cloudfront.net/guidebook/compiled/he/en/iOS/1/46c42b12322d017552f8ddf9e7adcdc9566c14092e4e0325e1dc582088d09b26ee2c7e22e483f27ee558099ebad28342e97f63fbe60975083f4f7e57a9a935a8/15.json
23,2,A1,form complex sentences,Conjunc.,6,2,2,1,1,22,https://d1btvuu4dwu627.cloudfront.net/guidebook/compiled/he/en/iOS/1/78db9a51b72a1c3bdfe0de926cf46a5db8063c0b4cfc28de8668748c77cc810489206fc41723f8023f28488309b11e509c2fc8c402f45da95dac7b1a0f7b9402/14.json
24,2,A1,refer to locations,Prep 2.,7,2,2,2,1,23,https://d1btvuu4dwu627.cloudfront.net/guidebook/compiled/he/en/iOS/1/2ec03308aadaf61d56784ef81c3dd06f0683e8a90f43ee172e325589459bff948384fe7675f5fe66c36970b8fb1ee1b91ae85e62d4d5dcd8e68d4f366f1bfe40/14.json
25,2,A1,use the possessive,Possess.2,6,2,2,1,1,15,https://d1btvuu4dwu627.cloudfront.net/guidebook/compiled/he/en/iOS/1/cd3290657f798531d19fcfff79b4c76e6ddcbd471cffbdb6475c9cc02df58758564298c3de660330043e0fb998dd7263ba83b29c85a16941e8a193148b63547a/14.json
26,2,A1,form advanced verbs,Present 2,6,2,2,1,1,25,https://d1btvuu4dwu627.cloudfront.net/guidebook/compiled/he/en/iOS/1/44d4ca5f7f87ab512bd76c561a98a34c2e85e7d904db1f4ef5ce90852e01483684a8ed5e44ff9992f8542da5b1e735b0b21456708c47bdf94917b2948b36c226/15.json
27,2,A1,talk about time,Time,7,2,2,2,1,33,https://d1btvuu4dwu627.cloudfront.net/guidebook/compiled/he/en/iOS/1/662f634820316c412c0104b8cb9545901cb50ac1a807f1a97130d188734a01420754e20a5c75d61c58ab08a6e074610f5aba5cf3a9701eda88185815bad8efcd/15.json
28,2,A1,describe people and things,Adj. 2,6,2,2,1,1,27,https://d1btvuu4dwu627.cloudfront.net/guidebook/compiled/he/en/iOS/1/4047279fecfd7478eca0c6085f94e36690d1170eca124941a6ea00c9298289e3dcef263cbf7cb86f82cffb28b2e113d8d6ad459eb976b92f8af3673d27d4f92e/15.json
29,2,A1,use adverbs,Adverbs,6,2,2,1,1,30,https://d1btvuu4dwu627.cloudfront.net/guidebook/compiled/he/en/iOS/1/f3984bea3be30cb4da368a96ae938de0a954fc09aaa856cacc1252f5880d891da7bbe6bc8fd087f852e38dd8cebe99b6883ed9f9ef90fa61687194240c1fae03/15.json
30,2,A1,describe your family,Family,7,2,2,2,1,21,https://d1btvuu4dwu627.cloudfront.net/guidebook/compiled/he/en/iOS/1/779dc64c46c46a851072d259bd09f279e0838c3916562f5482e417c4b6ac41d50474b12d18959f62bb8f032f4e9f58a9fa9aa56f9987fef0abb7fcdf70c3328d/14.json
31,2,A1,talk about your home,Home,6,2,2,1,1,30,https://d1btvuu4dwu627.cloudfront.net/guidebook/compiled/he/en/iOS/1/896db26d62a581a5b2d94eeb5530dbb52d1709693735097834416ef33d645d2c612b9222608ca04937494d4befdd28762f70f17e417076b315ad6115d988ca9c/15.json
32,2,A1,use compound nouns,Const. 1,6,2,2,1,1,22,https://d1btvuu4dwu627.cloudfront.net/guidebook/compiled/he/en/iOS/1/2cc45e408ec08a42f1635c8768149198c096550e8a7418846c35c6ce76366e32be8a55fbbb2a968c4d621fe81c7fd83c76ca6fe7fa1fc381f383188b42249400/15.json
33,2,A1,form infinitives,Infinitv.1,7,2,2,2,1,23,https://d1btvuu4dwu627.cloudfront.net/guidebook/compiled/he/en/iOS/1/d30ad120d65ef1f4db02ee068bd82f5a49deba39b166effebd964a089d771b9969caba09c88ab3042e6cfe6616388aecaaea8cec28a3407f231bd44e041e8c80/14.json
34,2,A1,discuss the weather,Weather,6,2,2,1,1,17,https://d1btvuu4dwu627.cloudfront.net/guidebook/compiled/he/en/iOS/1/330cd65b9b9d21d05b77f9378b81b8224fca82b9ca6c5195269dc204e2ad0c84d8ad68b3967b600ebcfba56071c3052582a2962311e0c0a2f40090cbb3f5d0e2/14.json
35,2,A1,describe places,Places,6,2,2,1,1,30,https://d1btvuu4dwu627.cloudfront.net/guidebook/compiled/he/en/iOS/1/549159bf709e0182137d6ac2b5406e98b1b14a497a32600bfff5afeb15dcf893f6ada7fc395f4348828ed49320679b5187f04e90ff996067fcc19353ff2e173f/14.json
36,2,A1,use Hif'il verbs in the present,Present 3,7,2,2,2,1,23,https://d1btvuu4dwu627.cloudfront.net/guidebook/compiled/he/en/iOS/1/c9683a0d037aabda1a5dab551c9beb9f506688c3320e96a3fa5970c5993911bcf257339c0b796e03d81e52483030c0be9bc10790b9d811c560e0c74d496872cb/15.json
37,2,A1,describe relationships,People,6,2,2,1,1,22,https://d1btvuu4dwu627.cloudfront.net/guidebook/compiled/he/en/iOS/1/5ef1eae57f0c851e2a57cdb83ff9cadf727c723303a63986aaca88d6c6bd58d0b8986f44f669eaa7187842eae77ab090872c65dcdfa83ec62fc0357cdeb4652b/15.json
38,2,A1,form bigger numbers,Numbers 2,6,2,2,1,1,22,https://d1btvuu4dwu627.cloudfront.net/guidebook/compiled/he/en/iOS/1/c2dd2ba7684ddcf00964a4fd36a4327897ff218d4910fa23c8d5b32b79f5c9c0695234cc68bfe64abade5d076b1277da38d21874550372159cabc5afc63d2a7d/15.json
39,2,A1,expresss what could be,Modals,7,2,2,2,1,13,https://d1btvuu4dwu627.cloudfront.net/guidebook/compiled/he/en/iOS/1/5a18e2e0f1043ed49e48e803ef92cf70f2f152d684c5d1c8ef847c558512a8573d12d8c4f3f20c6556caa52079509ae66ccb7ec467172fad6fc8f897ee7583c3/14.json
40,2,A1,talk about school,Education,6,2,2,1,1,22,https://d1btvuu4dwu627.cloudfront.net/guidebook/compiled/he/en/iOS/1/a431f1c33848e8c630d9d30d0912f3df45da7163c727e889160b078af52fd412a17d9bd920b5fdc71e2b9a5c7c9e326aa9e5cb51e281d1f414ba412417967ade/14.json
41,2,A1,discuss travel,Travel,6,2,2,1,1,27,https://d1btvuu4dwu627.cloudfront.net/guidebook/compiled/he/en/iOS/1/1e493885bf252dfefc1b5dec30e5129c0827783eb7af531831afa8749ee22a49e9ef2d54e93da7e3e359dd721b35edbd4d532ecf4153d67fdd645a922ddf9b15/15.json
42,2,A1,use verbs in the past,Past Act.,7,2,2,2,1,31,https://d1btvuu4dwu627.cloudfront.net/guidebook/compiled/he/en/iOS/1/ec10a43ff81ed801a4c9084b8872968032e6f28bfacdb7c4a51871c3032f47c7f7504e56cf677c10f7d54a240c09eda213d954aa8505c55b5cd6a0f82f1fc73c/13.json
43,2,A1,make comparisons,Comparison,6,2,2,1,1,10,https://d1btvuu4dwu627.cloudfront.net/guidebook/compiled/he/en/iOS/1/f52f60f251bf2041084f5283b600496e04907dbf469c4a7815dd978d462428a4380cc48aa58fc6118e4b8ca1c13cf36a54ae7983a9443bb8e9c31f85ccc70d85/14.json
44,2,A1,refer to objects,Objects,6,2,2,1,1,25,https://d1btvuu4dwu627.cloudfront.net/guidebook/compiled/he/en/iOS/1/5273f0f1174f71e1097c75af4935a5a688d5c0c38028743720e8937c89db06711fbad239c46244d3ec478ea5631abf3ae79ebdc820ec1d07cb6b2cd3595a7114/15.json
45,2,A1,use complex verbs,Pres.Reflx,7,2,2,2,1,23,https://d1btvuu4dwu627.cloudfront.net/guidebook/compiled/he/en/iOS/1/d1ba6ca80c5486eef3f1aeff03f32ade2613fb6a65740ad52f7b6d679152ec59e5f45b8e42c39f569718273b2a8099e02fb5f19a3552003deac18e8989c6e552/15.json
46,2,A1,describe attributes,Adj. 3,6,2,2,1,1,25,https://d1btvuu4dwu627.cloudfront.net/guidebook/compiled/he/en/iOS/1/2f6576f1c2edb168df16b45c508083bc1f1db33901df9dffd62cebdaef2836ffb85153aa2a8c3037c141945050d8c4872b11308e1a0d4b01ed2b6e75d1b28ca2/15.json
47,2,A1,form abstract concepts,Abs. Ob. 1,6,2,2,1,1,32,https://d1btvuu4dwu627.cloudfront.net/guidebook/compiled/he/en/iOS/1/d2642c27e12c450cc4a95814cc21e0e8051e3a4551bbc5a471a21960c135b7e4f3e3241c5b4f46f9eea134f479dfb570640bd7172d2464d7ec9f91ea4c0dcbf5/15.json
48,2,A1,use commands,Imper. 1,7,2,2,2,1,31,https://d1btvuu4dwu627.cloudfront.net/guidebook/compiled/he/en/iOS/1/98caa00cf142a99b953e6d5600d829b66ea0e5a4245d8842c48d3d9ac93cea72061913d843cf76f1ead93848f6b8504e81d0c307e5f500b6e474497e4877dff8/14.json
49,2,A1,talk about languages,Languages,6,2,2,1,1,22,https://d1btvuu4dwu627.cloudfront.net/guidebook/compiled/he/en/iOS/1/211115d9260372c4c7b33a05c7912fa3fcb66c2e366809ae5c0e4e4275f83e84e5a0a607d7db56a608f8964c23dc49aa3a203e0960050938feda4c8f20f18040/15.json
50,2,A1,describe emergencies,Emergency!,6,2,2,1,1,20,https://d1btvuu4dwu627.cloudfront.net/guidebook/compiled/he/en/iOS/1/f01ef9fc03a88ef8bf4168005d2c1fa719b363535cba9c05ae39026a831081cadea7214e0014b4b16eab654ffee08a0a88f30c28954406dcd694027cc6378d4e/15.json
51,2,A1,use the future tense,Future 1,7,2,2,2,1,31,https://d1btvuu4dwu627.cloudfront.net/guidebook/compiled/he/en/iOS/1/0047073976098a380ee84fb2a40457f48e9b91c4df6654b5cc39ebb765d68cfd77064243186cc7d2ac80a24c240dae096e29cecb19291790965d8ffe7e2cb916/14.json
52,2,A1,form passive phrases,Passive,6,2,2,1,1,22,https://d1btvuu4dwu627.cloudfront.net/guidebook/compiled/he/en/iOS/1/1d4bd23c5812c566b92a866713e651accadbd911b34fd72c047e40c281a79c776acd68a3a8181205aff7e4e023f30eea2522edf50c346408c41a1cab5156beb6/15.json
53,2,A1,refer to yourself,Ref. Pron.,6,2,2,1,1,12,https://d1btvuu4dwu627.cloudfront.net/guidebook/compiled/he/en/iOS/1/b2a448b87b31ac8c97f3f3ae19ee0bc86a5d395b8d8b906222864717b682517eef951faa6d021ee2a45d7a7aa6ea10d89cde3846c6c515dd9fe12b5ab4186b7d/14.json
54,2,A1,form passive sentences,Nif'al,7,2,2,2,1,18,https://d1btvuu4dwu627.cloudfront.net/guidebook/compiled/he/en/iOS/1/6e93e9d06525381e65004723bab5262ea9263dbc61ec13827b4fa81de4d7712a2237e6fcb6a6465dd769e2e6cc6816258eabc30d38094f44077e383b6586ba3f/14.json
55,2,A1,describe nature,Nature,6,2,2,1,1,22,https://d1btvuu4dwu627.cloudfront.net/guidebook/compiled/he/en/iOS/1/c3b2de5cb672bdea7d6d05d8d389d10a5e696d5be46c67a6bcc892ef856c5a313cec12f21209c2a8df060fe1f255bec9079da29e2c18820ad33071a8d43df0d9/15.json
56,2,A1,express your opinion,Decisions,6,2,2,1,1,15,https://d1btvuu4dwu627.cloudfront.net/guidebook/compiled/he/en/iOS/1/cd25ba035673890e2beaaea332e8e738cf49790c3e4d4ee2f6f936ac522be858fdb261ef89a77f4482f6fb8a92b15f40dc11bb7c390fcc01dbe63d6f86c1e946/14.json
57,3,A1,use commands,Imper. 2,7,2,2,2,1,16,https://d1btvuu4dwu627.cloudfront.net/guidebook/compiled/he/en/iOS/1/04f70f6d6582984dfb61f5380494afe9d9ea8782d898993ec46fca310f57e0a861f5bdaaf5c8fef5fa6d39d818cb86f7bddbe35a0568f793e7a475dcba2c6a9b/15.json
58,3,A1,use the past tense,Pas. Ac. 2,6,2,2,1,1,15,https://d1btvuu4dwu627.cloudfront.net/guidebook/compiled/he/en/iOS/1/11f50f7bab302cb03fdccfee87f2d398221439545050be3f2994105f2431d4bc460ae153194842a39e21e98f05b98aa7d7df45d0d9871ca5a1251d46fbc57309/14.json
59,3,A1,form the past passive,Pas.Nif'al,6,2,2,1,1,17,https://d1btvuu4dwu627.cloudfront.net/guidebook/compiled/he/en/iOS/1/2f495aca714b41b06844d9bbb7459d15f6cdc1a3f6d5861cf4d764a12cc98ebb194c488014c1982a99a70ab2ede77b4488f6f7f369cc03637c5be0daa423cb82/15.json
60,3,A1,express your emotions,Feelings,7,2,2,2,1,21,https://d1btvuu4dwu627.cloudfront.net/guidebook/compiled/he/en/iOS/1/2986192fde5f56b1848babeeed82f81aca54ff89dfa249572a3d89486ae303b1e7fe9d0859cdc386570be9525200b8dd9bcae82b14e9215ee54ec716dd741a69/15.json
61,3,A1,describe shapes,Geometry,6,2,2,1,1,20,https://d1btvuu4dwu627.cloudfront.net/guidebook/compiled/he/en/iOS/1/23427873230d2441fe3c37e73dceba9f9b1e2d89bf33a8b2820b9942a64c0b0842d1293823e082b41a10d33ce26008edcb85ff3f51b1870d5635e90248656031/15.json
62,3,A1,discuss abstract concepts,Abs. Ob. 2,6,2,2,1,1,27,https://d1btvuu4dwu627.cloudfront.net/guidebook/compiled/he/en/iOS/1/6ee405276730ec4ea537ac96ceba9aebb1d4bcbc32f7471348fd10cbe08b9b1ccef040d62ac44ac8a299cfb9e74ffd868fd2ef98e0c850e2040685f9e06ae8f4/15.json
63,3,A1,use the infinitive,Infinitv.2,7,2,2,2,1,23,https://d1btvuu4dwu627.cloudfront.net/guidebook/compiled/he/en/iOS/1/35e76c741bb99a2306ac9655165329f00114a376b675b53336aa2de89e04f91585ca982e809a7f758a9e9fbe49254824ca1ac78bec6348472a7d02b2a235ce5f/15.json
64,3,A1,refer to the news,Const. 2,6,2,2,1,1,17,https://d1btvuu4dwu627.cloudfront.net/guidebook/compiled/he/en/iOS/1/7a53218d8fcd4134d304ce4472451b3a3b6b9db556994858e83ea689b32a43e3473244a3dea5cdabdfc5a8314eacd2ea41758a52f54b186b488e4451760494b5/15.json
65,3,A1,say what could have been,Condit.,6,2,2,1,1,15,https://d1btvuu4dwu627.cloudfront.net/guidebook/compiled/he/en/iOS/1/2356c84dca353065fc745427edddf9cf8b21d60580954542adfc4c3f5b89c211c051e8b5445983f9f9e1e6188c8338ff269295c1dd5764ede67202e5c5be9133/14.json
66,3,A1,describe body parts,Medical,7,2,2,2,1,26,https://d1btvuu4dwu627.cloudfront.net/guidebook/compiled/he/en/iOS/1/988790fce1ac56df441d24fc290af8386780f7b53fab1524939b02728708ed6bcd24f974a475d06874e0be1fcadcdb8bddb7fe6a65aac82f6e1a4e0b95c72c0f/15.json
67,3,A1,use the future tense,Future 2,6,2,2,1,1,20,https://d1btvuu4dwu627.cloudfront.net/guidebook/compiled/he/en/iOS/1/af57ba9694f0f5247ba3286fe67c067142829901a502f0a8f203d7ed32fcc223370460e36f3b1b7d8c34c95b32fe628f724629c0bc127dbdcad75f04ecbf88dc/15.json
68,3,A1,talk about religion,Religion,6,2,2,1,1,17,https://d1btvuu4dwu627.cloudfront.net/guidebook/compiled/he/en/iOS/1/19b8bcd393eb2e195e9c10e995c31e1a18e8cff95deca719e67ea5c71c6f3cc80dec2d110468e2b192bb4305aa152aad2cb9d6192a2d43440c13305f5f7c3993/15.json
69,3,A1,comment on art,Arts,7,2,2,2,1,21,https://d1btvuu4dwu627.cloudfront.net/guidebook/compiled/he/en/iOS/1/ecb60cfa326b79342ae3b492e4bfe5e038b6fc3b20432884f5fdfa27e1f4e894200540f3d5986d893cf76dd84127ef781224ed5fa4cd8d760c42a3472d4fd493/15.json
70,3,A1,use negative commands,Neg. Imp.,6,2,2,1,1,20,https://d1btvuu4dwu627.cloudfront.net/guidebook/compiled/he/en/iOS/1/fa7253b35f7fde3394dcbe1f63f2f33e5829be3ad6987d84eb87d24a6eae147f868d87646739be2b72c9e41e1df6d180d91b2c0c5c95d0d89d52edf6562a0484/15.json
71,3,A1,discuss technology,Technology,6,2,2,1,1,20,https://d1btvuu4dwu627.cloudfront.net/guidebook/compiled/he/en/iOS/1/2850db47b239489c62711850ed9db316d83d5fa49347ba4b064d083924ea5602376ae4220d6a2ef09bf970cadbee31da70f3455effcc115621a4dd4525f06822/15.json
72,3,A1,use verbal nouns,Verbal N.,7,2,2,2,1,18,https://d1btvuu4dwu627.cloudfront.net/guidebook/compiled/he/en/iOS/1/7e337ac6adb7e5fbff80c1981ddc46aec16302a497bd639ecfc4add1626a9d3b4c90b95c6cdab0e39d1654fc006a207d183e8adae2fb6b54c669502979f289b2/15.json
73,3,A1,discuss scientific issues,Science,6,2,2,1,1,27,https://d1btvuu4dwu627.cloudfront.net/guidebook/compiled/he/en/iOS/1/b87e846ff83b328a6869b645f8eb3167976e9e2a3a3b2287a877fde454b311a65446abb6f24c70b70bd060c12602b654e992a00fba6b62610aa76d3f74e1adc7/15.json
74,3,A1,talk about music,Music,6,2,2,1,1,22,https://d1btvuu4dwu627.cloudfront.net/guidebook/compiled/he/en/iOS/1/7a90357f21f03f13144dbc2c020824bf9236a9e992f353907c5bf6c4228b34bbe84e2689d97383d6492bd3ad1f015efac930cebe635a6def44d5eac3d4a44ebe/15.json
75,3,A1,discuss sport,Sports,7,2,2,2,1,23,https://d1btvuu4dwu627.cloudfront.net/guidebook/compiled/he/en/iOS/1/04b74f22aa86af31a5b12b3bfe5aad5af6f355634b48a77649bae80f8d419a78308daeb0200a5abc241f4a2fb2118a1f5f0bc38237b64303e424f39984bad89f/14.json
76,3,A1,argue about politics,Politics,6,2,2,1,1,25,https://d1btvuu4dwu627.cloudfront.net/guidebook/compiled/he/en/iOS/1/53ea080aa8018f8d0002339219f75149285fcd50efe378b056f7010f84a1285aa318c0147b2a481d12ba0ac6b0490515d721b31d9422a6408fdd2e43649ea388/15.json
77,3,A1,make poetic descriptions,Diminutive,6,2,2,1,1,15,https://d1btvuu4dwu627.cloudfront.net/guidebook/compiled/he/en/iOS/1/c4b3813bce7c4aaa21066fe4835b833be1587116f9c757ce2045d497e46e8277e9c992b99819db39bf8343717872b447dd7a15442b6660e2733e5cd5495b0908/15.json
78,3,A1,tell fairy tales,Legends,7,2,2,2,1,21,https://d1btvuu4dwu627.cloudfront.net/guidebook/compiled/he/en/iOS/1/9d72318d6ab7c07787225d194b48444f84eb9fbd76068e3bf9f0aeeabac7d8e603953fb71a8ead6a809650fcc4146bbe9c19bc1bb8e7a8bd3ddfa54e79041ca5/15.json
79,3,A1,form the future passive,Futur.Nif.,6,2,2,1,1,12,https://d1btvuu4dwu627.cloudfront.net/guidebook/compiled/he/en/iOS/1/4df0812c7474ae57630773454164815db70e4ace5484bf896d085be70cf9cbb674cec662ad98c0d4a073c9809f29a9a4bccadde1116118cd37cfb7342739cf8e/15.json
80,3,A1,use formal language,Formal,6,2,2,1,1,12,https://d1btvuu4dwu627.cloudfront.net/guidebook/compiled/he/en/iOS/1/a9070387c630087023040406130593d91d33ec35138878c5663b55bb910492b11ee94e1d97d91fc1f8e77b1129945be00bd5a1b53a3b4c869407d5ec3beea466/15.json
81,3,A1,talk business,Business,7,2,2,2,1,26,https://d1btvuu4dwu627.cloudfront.net/guidebook/compiled/he/en/iOS/1/23feae68854be1791e35fcf75bbf7574ea7f6b8d24f694c8afa5da6e9cd4aef5a4a38382df3de791843e78f204e7d4fe88a73b1481934c992eabd21d4d414585/15.json
82,3,A1,describe outer space,Space,6,2,2,1,1,15,https://d1btvuu4dwu627.cloudfront.net/guidebook/compiled/he/en/iOS/1/24d6ed589a3b4d6cba42875ab69c6a65e90b4d830bdc8f908db5dffcd607fb66c41768c7b97f61aa454b244f071560a4a1df803dfb3042b2ca8ddf675c4add36/15.json
83,3,A1,talk about festivals,Festivals,6,2,2,1,1,17,https://d1btvuu4dwu627.cloudfront.net/guidebook/compiled/he/en/iOS/1/018384879fcacd74b70114d80a6bcfe6cf7a6c16660b1db5fccba71d4c42f78c85df5f796960adf307f49286691ab5500c11b167093d05f7f06cf9d33174f0f7/15.json
84,3,A1,describe Israel,Israel,7,2,2,2,1,18,https://d1btvuu4dwu627.cloudfront.net/guidebook/compiled/he/en/iOS/1/68355feb087f1fd4383d72e8e378e124dde4ff19d07b1cef2b87e309f22280b12e2b13546f3d87d1383caf56616415f64b52d1c25da9e77d465c2dbf115c4e6c/15.json
85,4,A2,,,6,0,5,0,1,6,
