unit,section,cefr,skill_name,teaching_objective,guidebook_heading,hebrew,english,audio_url
1,1,Intro,Letters 1,learn the alphabet,Learn the alphabet,אבא בא?,Is dad coming?,https://d1vq87e9lcf771.cloudfront.net/he_v1/978200291b085a5fae30ee44c89ea9c7
1,1,Intro,Letters 1,learn the alphabet,Learn the alphabet,אמא באה?,Is mom coming?,https://d1vq87e9lcf771.cloudfront.net/he_v1/9339543852bb90f34a08e29115c09915
1,1,Intro,Letters 1,learn the alphabet,Learn the alphabet,אבא בא ואמא באה.,Dad is coming and mom is coming.,https://d1vq87e9lcf771.cloudfront.net/he_v1/66c6d937416ddf5c5ab42e306eaf331d
1,1,Intro,Letters 1,learn the alphabet,Learn the alphabet,היא אוהבת מים.,She likes water.,https://d1vq87e9lcf771.cloudfront.net/he_v1/814bf3511c97e108bf5d5ce477e480e6
1,1,Intro,Letters 1,learn the alphabet,Learn the alphabet,את אוהבת לחם.,You like bread.,https://d1vq87e9lcf771.cloudfront.net/he_v1/e2d57ce0db45366467c21e8defdbd25b
2,1,Intro,Letters 2,,Learn the alphabet,אני אוכלת לחם.,I am eating bread.,https://d1vq87e9lcf771.cloudfront.net/he_v1/8395bf30f2bffa18cfbd716d16df25a8
2,1,Intro,Letters 2,,Learn the alphabet,"לא, אני לא אוכל לחם.","No, I am not eating bread.",https://d1vq87e9lcf771.cloudfront.net/he_v1/05c9a905986014d51c43f7fa1addb3fb
2,1,Intro,Letters 2,,Learn the alphabet,הילד אוכל אורז.,The boy is eating rice.,https://d1vq87e9lcf771.cloudfront.net/he_v1/7b3d61aac7161aa59e563bef41e2b957
2,1,Intro,Letters 2,,Learn the alphabet,אני ילדה,I am a girl,https://d1vq87e9lcf771.cloudfront.net/he_v1/7b0255cdf37b2af5e6ec043aa461aa58
2,1,Intro,Letters 2,,Learn the alphabet,זה גבר.,This is a man.,https://d1vq87e9lcf771.cloudfront.net/he_v1/a925c3408422523c1c049f6d18165e26
2,1,Intro,Letters 2,,Learn the alphabet,זאת אישה.,This is a woman.,https://d1vq87e9lcf771.cloudfront.net/he_v1/f6731a681eef27b99facef7d78a480f8
3,1,Intro,Letters 3,learn the alphabet,Learn the alphabet,הילדה אוכלת תפוז.,The girl is eating an orange.,https://d1vq87e9lcf771.cloudfront.net/he_v1/a617e0083e654b3c4349119a51a65305
3,1,Intro,Letters 3,learn the alphabet,Learn the alphabet,הילד לא רוצֶה מים.,The boy doesn't want water.,https://d1vq87e9lcf771.cloudfront.net/he_v1/6e83c844cbbef009206fb617c2f09862
3,1,Intro,Letters 3,learn the alphabet,Learn the alphabet,הוא רוצֶה עוגה ואני רוצֶה תפוח.,He wants a cake and I want an apple.,https://d1vq87e9lcf771.cloudfront.net/he_v1/078800337586d2e29aaec92e1e3f73b1
3,1,Intro,Letters 3,learn the alphabet,Learn the alphabet,התפוח טעים.,The apple is tasty.,https://d1vq87e9lcf771.cloudfront.net/he_v1/6f1930282cf781c05d4d99b3aa3c3196
4,1,Intro,Phrases,greet people,Greet people,שלום.,Hi.,https://d1vq87e9lcf771.cloudfront.net/he_v1/49fbfabf4bff63b8f15fd7140af53802
4,1,Intro,Phrases,greet people,Greet people,"שלום, מה קורה?","Hi, how are you?",https://d1vq87e9lcf771.cloudfront.net/he_v1/bd03402bedb0ccaf12ef0496263e4393
4,1,Intro,Phrases,greet people,Greet people,"בסדר, תודה!","Fine, thanks!",https://d1vq87e9lcf771.cloudfront.net/he_v1/a3d4bc79333f727f77bbb33c3725a427
4,1,Intro,Phrases,greet people,Greet people,ערב טוב!,Good evening!,https://d1vq87e9lcf771.cloudfront.net/he_v1/fb6b1ee0365b4d7e271b8252c1fddc15
5,1,Intro,Basics,describe people,Describe people,אנחנו גברים.,We are men.,https://d1vq87e9lcf771.cloudfront.net/he_v1/c53c74b0fb60a85f4ed945aa4c74ea2c
5,1,Intro,Basics,describe people,Describe people,אנחנו גברים והם ילדים.,We are men and they are children.,https://d1vq87e9lcf771.cloudfront.net/he_v1/34a658595f1b411b87233f4ea986f4fe
5,1,Intro,Basics,describe people,Describe people,אנחנו הנשים.,We are the women.,https://d1vq87e9lcf771.cloudfront.net/he_v1/aecaf2b8e7009fe67352cc3dbe639513
5,1,Intro,Basics,describe people,Describe people,אתם ילדים.,You are children.,https://d1vq87e9lcf771.cloudfront.net/he_v1/ac36275712da69710372f387c3022af7
6,1,Intro,There is,form basic sentences,Form basic sentences,יש חלב?,Is there any milk?,https://d1vq87e9lcf771.cloudfront.net/he_v1/f8a9f2cee57c5b2875af785c308f4d12
6,1,Intro,There is,form basic sentences,Form basic sentences,אין מים!,There is no water!,https://d1vq87e9lcf771.cloudfront.net/he_v1/32a9f9c35516ce6df69b744f39dea52d
6,1,Intro,There is,form basic sentences,Form basic sentences,יש לי תפוח.,I have an apple.,https://d1vq87e9lcf771.cloudfront.net/he_v1/afd5502b24e09d1d87c2454fe791eec4
6,1,Intro,There is,form basic sentences,Form basic sentences,אין להם כלב.,They don't have a dog.,https://d1vq87e9lcf771.cloudfront.net/he_v1/8224cc66bc65b41395645cfd8f8c9b7e
7,1,Intro,Adj. Intro,use adjectives,Use adjectives,הילד שמח.,The boy is happy.,https://d1vq87e9lcf771.cloudfront.net/he_v1/aa10e80a56cbf370b7b6cec0f6dbb1e6
7,1,Intro,Adj. Intro,use adjectives,Use adjectives,האישה שמחה.,The woman is happy.,https://d1vq87e9lcf771.cloudfront.net/he_v1/9ed55beb4996dd190494bfb04ebef820
7,1,Intro,Adj. Intro,use adjectives,Use adjectives,זה ספר יפֶה.,This is a nice book.,https://d1vq87e9lcf771.cloudfront.net/he_v1/cdec66e6794b0999e9d8328f2b80a96c
7,1,Intro,Adj. Intro,use adjectives,Use adjectives,האוכל טעים.,The food is tasty.,https://d1vq87e9lcf771.cloudfront.net/he_v1/eb3e0e6c3e7bf34d878eb6f9aa99e4c7
8,1,Intro,Food 1,talk about food,Talk about food,אתה רוצֶה ארוחת צהריים?,Do you want lunch?,https://d1vq87e9lcf771.cloudfront.net/he_v1/c57f897b4728a096e474ac11c8b70b1b
8,1,Intro,Food 1,talk about food,Talk about food,הן אוכלות את הפירות.,They are eating the fruit.,https://d1vq87e9lcf771.cloudfront.net/he_v1/4cb54fa48188151c9fba5362194faac9
8,1,Intro,Food 1,talk about food,Talk about food,"הבשר טעים, תודה!","The meat is tasty, thanks!",https://d1vq87e9lcf771.cloudfront.net/he_v1/06c7e0a7ae96ec6a98e5a9d9d5357fab
8,1,Intro,Food 1,talk about food,Talk about food,אני רוצֶה מלח.,I want salt.,https://d1vq87e9lcf771.cloudfront.net/he_v1/4707427ffe22a2a122fb471841fd6a3b
8,1,Intro,Food 1,talk about food,Talk about food,אנחנו רוצים כריך והם רוצים לחם.,We want a sandwich and they want bread.,https://d1vq87e9lcf771.cloudfront.net/he_v1/c30d463f65dbd4f939a59a3c1a04b9af
9,1,Intro,Animals,describe animals,Describe animals,יש לי צב.,I have a turtle.,https://d1vq87e9lcf771.cloudfront.net/he_v1/cf61df06b883f2b2aff5b645379521dc
9,1,Intro,Animals,describe animals,Describe animals,זה נשר?,Is that an eagle?,https://d1vq87e9lcf771.cloudfront.net/he_v1/50435529bc66afbb1794d8ea737c40af
9,1,Intro,Animals,describe animals,Describe animals,החתול שותֶה את החלב.,The cat drinks the milk.,https://d1vq87e9lcf771.cloudfront.net/he_v1/b0ae839115c5edc43df4092324a0d601
9,1,Intro,Animals,describe animals,Describe animals,"לא, הכלב לא נובח.","No, the dog is not barking.",https://d1vq87e9lcf771.cloudfront.net/he_v1/3fdadfc9bac392647d268d8dcd3f12f4
10,1,Intro,Plurals,form the plural,Form the plural,הוא קורא עיתונים או ספרים?,Does he read newspapers or books?,https://d1vq87e9lcf771.cloudfront.net/he_v1/3d9352c0bec72fc46421a729103275f0
10,1,Intro,Plurals,form the plural,Form the plural,"התפוחים טעימים, תודה!","The apples are tasty, thanks!",https://d1vq87e9lcf771.cloudfront.net/he_v1/f874697f1fdb06d583b75d7622a30ae3
10,1,Intro,Plurals,form the plural,Form the plural,הספרים יפים.,The books are pretty.,https://d1vq87e9lcf771.cloudfront.net/he_v1/67c7d7e2c0feb171e578a84efe1f0620
10,1,Intro,Plurals,form the plural,Form the plural,החתולים שותים את החלב.,The cats are drinking the milk.,https://d1vq87e9lcf771.cloudfront.net/he_v1/e9aaae27000b5a0c2d62a0431c4530f0
11,1,Intro,Possess.1,form the possessive,Form the possessive,הילד שלה אוכל ארוחת צהריים.,Her boy is eating lunch.,https://d1vq87e9lcf771.cloudfront.net/he_v1/c1f67ef7c83c48ab60a9478af0c01770
11,1,Intro,Possess.1,form the possessive,Form the possessive,זה שלךָ?,Is that yours?,https://d1vq87e9lcf771.cloudfront.net/he_v1/f592a890b49fb16fbc943ab767007140
11,1,Intro,Possess.1,form the possessive,Form the possessive,אני אוהב את האוכל שלהם.,I love their food.,https://d1vq87e9lcf771.cloudfront.net/he_v1/e87a3cd29dbc757d15708dddbce6e0a6
11,1,Intro,Possess.1,form the possessive,Form the possessive,הגמל שלכם?,Is the camel yours?,https://d1vq87e9lcf771.cloudfront.net/he_v1/09e17e8cd40a409ec188438314426ff9
12,1,Intro,Adj. 1,describe locations,Describe locations,זה רחוק!,That is far away!,https://d1vq87e9lcf771.cloudfront.net/he_v1/998ac7ba3196a013ab3f032ff9a94458
12,1,Intro,Adj. 1,describe locations,Describe locations,זאת דרך ארוכה.,This is a long path.,https://d1vq87e9lcf771.cloudfront.net/he_v1/2cc15f8ce02ac0d78644dd25fe1a3f27
12,1,Intro,Adj. 1,describe locations,Describe locations,היא גבוהה.,She is tall.,https://d1vq87e9lcf771.cloudfront.net/he_v1/ef2775f266c0a2c4cfdcdbfe62dc262c
12,1,Intro,Adj. 1,describe locations,Describe locations,המשאית של אברהם ריקה.,Abraham's truck is empty.,https://d1vq87e9lcf771.cloudfront.net/he_v1/2f7a4cd801427c92abac33a22b01e21a
13,1,Intro,Dir. Obj.,use object pronouns,Use object pronouns,"אני לא צריך אותם, יש לי אותךָ!","I do not need them, I have you!",https://d1vq87e9lcf771.cloudfront.net/he_v1/0507a435326c92b0560465ce2df55733
13,1,Intro,Dir. Obj.,use object pronouns,Use object pronouns,אני אוהב אותךְ.,I love you.,https://d1vq87e9lcf771.cloudfront.net/he_v1/7a0d04d9196221a4138f62926d830bc2
13,1,Intro,Dir. Obj.,use object pronouns,Use object pronouns,אנחנו רואות אותו.,We see him.,https://d1vq87e9lcf771.cloudfront.net/he_v1/41789af304e4583c17df534f5273e047
13,1,Intro,Dir. Obj.,use object pronouns,Use object pronouns,"אני רוצֶה אותן, הן שלי.","I want them, they are mine.",https://d1vq87e9lcf771.cloudfront.net/he_v1/0448cd337285be13a0b8b845503caf93
14,1,Intro,Food 2,order at a restaurant,Order at a restaurant,אתה רוצֶה כוס מיץ?,Would you like a glass of juice?,https://d1vq87e9lcf771.cloudfront.net/he_v1/61b6632388d6ff1e883f18e11226aafa
14,1,Intro,Food 2,order at a restaurant,Order at a restaurant,זה רוטב טעים!,This is a tasty sauce.,https://d1vq87e9lcf771.cloudfront.net/he_v1/a9672c12be15a1e214e4ebdb64238959
14,1,Intro,Food 2,order at a restaurant,Order at a restaurant,"סליחה, יש לכם סכין?","Excuse me, do you have a knife?",https://d1vq87e9lcf771.cloudfront.net/he_v1/5b07942d3d0c85f011c89cbcd68bfb99
14,1,Intro,Food 2,order at a restaurant,Order at a restaurant,אני צמחוני.,I am vegetarian.,https://d1vq87e9lcf771.cloudfront.net/he_v1/a99efd9e4b3b5c9024f36ab7e68b4305
15,1,Intro,Clothing,discuss clothes,Discuss clothes,החולצה שלךָ יפָה.,Your shirt is pretty.,https://d1vq87e9lcf771.cloudfront.net/he_v1/de853feb311cdaf62dfb4f6272a56d02
15,1,Intro,Clothing,discuss clothes,Discuss clothes,יש לי אותם מכנסיים.,I have the same pants.,https://d1vq87e9lcf771.cloudfront.net/he_v1/f0c2033fa18c766020bd1fdab5361740
15,1,Intro,Clothing,discuss clothes,Discuss clothes,אני צריך משקפי שמש.,I need sunglasses.,https://d1vq87e9lcf771.cloudfront.net/he_v1/ff6557d581e7139b335056058b88a16d
15,1,Intro,Clothing,discuss clothes,Discuss clothes,העניבות שלו יפות.,His ties are beautiful.,https://d1vq87e9lcf771.cloudfront.net/he_v1/2765fe4a3551834fd4b49999c312557e
16,1,Intro,Present 1,form verbs in the present,Form verbs in the present,אני כותבת ספר.,I am writing a book.,https://d1vq87e9lcf771.cloudfront.net/he_v1/f820f476f5ad680c70467964f140bf6c
16,1,Intro,Present 1,form verbs in the present,Form verbs in the present,האמא תומכת בילדים שלה.,The mom is supporting her children.,https://d1vq87e9lcf771.cloudfront.net/he_v1/84ad5945ed082169283f4b92885260da
16,1,Intro,Present 1,form verbs in the present,Form verbs in the present,הציפורים שרות.,The birds are singing.,https://d1vq87e9lcf771.cloudfront.net/he_v1/3f34213f636fb45a6eb2c553026d0fbb
16,1,Intro,Present 1,form verbs in the present,Form verbs in the present,הילדים גדלים.,The children are growing up.,https://d1vq87e9lcf771.cloudfront.net/he_v1/0f6dff899e19889869904a441c9d0350
17,2,A1,Colors,discuss colors,Discuss colors,הכובע שלי צהוב.,My hat is yellow.,https://d1vq87e9lcf771.cloudfront.net/he_v1/6697735f3ac6cc15c7c2de96523b8392
17,2,A1,Colors,discuss colors,Discuss colors,אני רוצָה צעיף ירוק.,I want a green scarf.,https://d1vq87e9lcf771.cloudfront.net/he_v1/e981a24450ab151fd226d726d71b8e1c
17,2,A1,Colors,discuss colors,Discuss colors,הוא לובש מכנסיים סגולים.,He is wearing purple pants.,https://d1vq87e9lcf771.cloudfront.net/he_v1/8576ee8b34ce8ef6033790347514d3dc
17,2,A1,Colors,discuss colors,Discuss colors,אני צובעת ביצה.,I am painting an egg.,https://d1vq87e9lcf771.cloudfront.net/he_v1/396373fd5a0fc01baf6473c866fa69ca
18,2,A1,Prep. 1,express actions with objects,Express actions with objects,הוא קונֶה ממנה את המצרכים.,He buys the ingredients from her.,https://d1vq87e9lcf771.cloudfront.net/he_v1/ed89665bf27b499ed11714629dd377b0
18,2,A1,Prep. 1,express actions with objects,Express actions with objects,אני לומד ממנו.,I am learning from him.,https://d1vq87e9lcf771.cloudfront.net/he_v1/33fa8fb3e4312565e8ffb9681bba04ca
18,2,A1,Prep. 1,express actions with objects,Express actions with objects,אתה בא איתי?,Are you coming with me?,https://d1vq87e9lcf771.cloudfront.net/he_v1/5dd7eca682a0569654235dfa250bcc7e
18,2,A1,Prep. 1,express actions with objects,Express actions with objects,יש לי משקפיים בשבילה.,I have glasses for her.,https://d1vq87e9lcf771.cloudfront.net/he_v1/34af44b19a127ffbcba0f0643aec60a0
19,2,A1,Numbers 1,describe amounts,Describe amounts,יש לי עגבניה אחת.,I have one tomato.,https://d1vq87e9lcf771.cloudfront.net/he_v1/7c54dae763a76e20fe9bc5a9619495ac
19,2,A1,Numbers 1,describe amounts,Describe amounts,יש לי חמישה גזרים.,I have five carrots.,https://d1vq87e9lcf771.cloudfront.net/he_v1/7999db3b177e6a7e50a78d1a76dd47bf
19,2,A1,Numbers 1,describe amounts,Describe amounts,הוא מבשל עשר ביצים.,He is cooking ten eggs.,https://d1vq87e9lcf771.cloudfront.net/he_v1/d39e902368de5d679ee89dc19f999686
19,2,A1,Numbers 1,describe amounts,Describe amounts,"תשעה עשר תפוחים, בבקשה.","Nineteen apples, please.",https://d1vq87e9lcf771.cloudfront.net/he_v1/d800b97b67d170df29b86b072eded93f
20,2,A1,Questions,ask questions,Ask questions,מי אתה?,Who are you?,https://d1vq87e9lcf771.cloudfront.net/he_v1/c0814a041030fb2101a9269bda179cf3
20,2,A1,Questions,ask questions,Ask questions,של מי זה?,Whose is that?,https://d1vq87e9lcf771.cloudfront.net/he_v1/98bf2aa7dda8d29c3149b24f8d81fccb
20,2,A1,Questions,ask questions,Ask questions,למי יש אוכל?,Who has food?,https://d1vq87e9lcf771.cloudfront.net/he_v1/f38dd65a1377090695a94401b0ef9eef
20,2,A1,Questions,ask questions,Ask questions,עם מי את הולכת?,With whom are you going?,https://d1vq87e9lcf771.cloudfront.net/he_v1/2a7603f81c9810cd4e4519760514ef63
21,2,A1,Determiner,talk about daily life,Talk about daily life,אלו הילדים שלי.,These are my children.,https://d1vq87e9lcf771.cloudfront.net/he_v1/907748d2f66b93d237a4c29c9d079d43
21,2,A1,Determiner,talk about daily life,Talk about daily life,אני רוצָה משהו אחר.,I want something else.,https://d1vq87e9lcf771.cloudfront.net/he_v1/7e872601a19950b0e4d726c8002024da
21,2,A1,Determiner,talk about daily life,Talk about daily life,למה אתה לא אוכל כלום?,Why don't you eat anything?,https://d1vq87e9lcf771.cloudfront.net/he_v1/651939dc5e88fefde45d593f3afccaee
21,2,A1,Determiner,talk about daily life,Talk about daily life,הכל בסדר?,Is everything OK?,https://d1vq87e9lcf771.cloudfront.net/he_v1/4fad591e4c7b1f966c6b4ded0f5b45e8
22,2,A1,Occupation,discuss work,Discuss work,מה המקצוע שלךָ?,What is your profession?,https://d1vq87e9lcf771.cloudfront.net/he_v1/fb566292b45e2f9aed228bb9647550f2
22,2,A1,Occupation,discuss work,Discuss work,יש לי עבודה טובה.,I have a good job.,https://d1vq87e9lcf771.cloudfront.net/he_v1/39050a5810a2432fdb340214eb00cb45
22,2,A1,Occupation,discuss work,Discuss work,יש לי קריירה חדשה.,I have a new career.,https://d1vq87e9lcf771.cloudfront.net/he_v1/815968bddc5ed7dc5a7cdb4713f00663
22,2,A1,Occupation,discuss work,Discuss work,יש לנו צוות קטן.,We have a small team.,https://d1vq87e9lcf771.cloudfront.net/he_v1/b3aa558ad17a860e6f92bbdc4c5f9548
23,2,A1,Conjunc.,form complex sentences,Form complex sentences,אני עובד אחרי שאני אוכל.,I work after I eat.,https://d1vq87e9lcf771.cloudfront.net/he_v1/ed1b2a2fa3922b1c180871bbab179f7e
23,2,A1,Conjunc.,form complex sentences,Form complex sentences,"היא אוהבת חיות, לכן יש לה כלב וסוס.","She loves animals, therefore she has a dog and a horse.",https://d1vq87e9lcf771.cloudfront.net/he_v1/de512a69a4fb91ff2c1dc5281d685bb1
23,2,A1,Conjunc.,form complex sentences,Form complex sentences,אני לא לובש חולצות כתומות אף על פי שאני אוהב את הצבע הזה.,I don't wear orange shirts even though I like this color.,https://d1vq87e9lcf771.cloudfront.net/he_v1/001240f01fd2976d6c8a32fc120e81b6
23,2,A1,Conjunc.,form complex sentences,Form complex sentences,אני רוצֶה לאכול במסעדה הזאת אך אני לא יודע איפה היא.,I want to eat in that restaurant but I don't know where it is.,https://d1vq87e9lcf771.cloudfront.net/he_v1/727f9d537cc8099f55b2a6a89cf9c097
24,2,A1,Prep 2.,refer to locations,Refer to locations,קר בחוץ!,It is cold outside!,https://d1vq87e9lcf771.cloudfront.net/he_v1/eb40f1ff810a03a3f6863cd488d0ec0a
24,2,A1,Prep 2.,refer to locations,Refer to locations,הוא יושב ביניהם.,He is sitting between them.,https://d1vq87e9lcf771.cloudfront.net/he_v1/3bac98d9c98cdc5c8ef28616f38bcb7a
24,2,A1,Prep 2.,refer to locations,Refer to locations,אנחנו לא חוזרים אל המסעדה!,We are not coming back to the restaurant.,https://d1vq87e9lcf771.cloudfront.net/he_v1/1622ff0611229574e4ac675c38687855
24,2,A1,Prep 2.,refer to locations,Refer to locations,התרנגולות נמצאות מאחורי הקופים.,The chickens are behind the monkeys.,https://d1vq87e9lcf771.cloudfront.net/he_v1/8b213126260e52a128c8f704a128bf9d
25,2,A1,Possess.2,use the possessive,Use the possessive,הוא אבינו.,He is our father.,https://d1vq87e9lcf771.cloudfront.net/he_v1/cadfae72bc8ac353d078b342246f0000
25,2,A1,Possess.2,use the possessive,Use the possessive,את ילדתי.,You are my daughter.,https://d1vq87e9lcf771.cloudfront.net/he_v1/b6d1e30bf8d8b62d1754b8211b912992
25,2,A1,Possess.2,use the possessive,Use the possessive,כלביה רצים אליה.,Her dogs run towards her.,https://d1vq87e9lcf771.cloudfront.net/he_v1/7f09fdce0fce17d5b457d8ad7dd85cbe
25,2,A1,Possess.2,use the possessive,Use the possessive,אחרי העבודה היא לובשת את שמלתה הלבנה.,After work she wears her white dress.,https://d1vq87e9lcf771.cloudfront.net/he_v1/4469c390137db7ead5b1d3c600dd0f75
26,2,A1,Present 2,form advanced verbs,Form advanced verbs,אני מחמם את האוכל.,I am heating the food.,https://d1vq87e9lcf771.cloudfront.net/he_v1/fc6f553b5959ede0ea7a8b23d96d5f90
26,2,A1,Present 2,form advanced verbs,Form advanced verbs,אני חושב שהשחקנית הזאת משחקת טוב.,I think this actress plays well.,https://d1vq87e9lcf771.cloudfront.net/he_v1/29374b5add14a1263d0e1e5e4cdbdafe
26,2,A1,Present 2,form advanced verbs,Form advanced verbs,הוא עדיין מחפש עבודה.,He is still looking for a job.,https://d1vq87e9lcf771.cloudfront.net/he_v1/25a50275c224825a30ed06f2643a3ce8
26,2,A1,Present 2,form advanced verbs,Form advanced verbs,הם מייבאים הרבה תפוזים.,They import a lot of oranges.,https://d1vq87e9lcf771.cloudfront.net/he_v1/723c1508d8b29ddfed4a2e560eafc025
27,2,A1,Time,talk about time,Talk about time,יום שני בא אחרי יום ראשון.,Monday comes after Sunday.,https://d1vq87e9lcf771.cloudfront.net/he_v1/20033521e178cc7c068ab4a57bb9d055
27,2,A1,Time,talk about time,Talk about time,אנחנו נחים בשבת.,We rest on Saturday.,https://d1vq87e9lcf771.cloudfront.net/he_v1/c337123ea75e61509fae1cb3e69812bb
27,2,A1,Time,talk about time,Talk about time,אתמול או היום?,Yesterday or today?,https://d1vq87e9lcf771.cloudfront.net/he_v1/67eeb050119999a61fe487a1a4f096d1
27,2,A1,Time,talk about time,Talk about time,זה זמן טוב לאכול.,This is a good time to eat.,https://d1vq87e9lcf771.cloudfront.net/he_v1/b5f1346da62ea9b013bf5696aefed3a4
27,2,A1,Time,talk about time,Talk about time,הערב בשעה שש.,Tonight at six o'clock.,https://d1vq87e9lcf771.cloudfront.net/he_v1/fcf3996ef1ccc66d166882c59f0fcd8d
27,2,A1,Time,talk about time,Talk about time,בנובמבר יש לי התמחות.,In November I have got an internship.,https://d1vq87e9lcf771.cloudfront.net/he_v1/0430d81d3d1cc5c47ef64db12790f2d4
28,2,A1,Adj. 2,describe people and things,Describe people and things,הוא כלב מיוחד.,He is a special dog.,https://d1vq87e9lcf771.cloudfront.net/he_v1/65e25405537878bb9d3ae86576faa733
28,2,A1,Adj. 2,describe people and things,Describe people and things,הקפה הזה חלש.,This coffee is weak.,https://d1vq87e9lcf771.cloudfront.net/he_v1/3e68aec40285ea5b0e91f0e5b801c670
28,2,A1,Adj. 2,describe people and things,Describe people and things,הגבינה הזאת נהדרת!,This cheese is terrific!,https://d1vq87e9lcf771.cloudfront.net/he_v1/9b88e5819e982540463666b921bbffb6
28,2,A1,Adj. 2,describe people and things,Describe people and things,הוא אדריכל מפורסם.,He is a famous architect.,https://d1vq87e9lcf771.cloudfront.net/he_v1/1c1f4292771006278c1e991623fe5fc9
28,2,A1,Adj. 2,describe people and things,Describe people and things,אני חושב שזה דבר חיובי.,I think that this is a positive thing.,https://d1vq87e9lcf771.cloudfront.net/he_v1/718cd9fe3eeacafd60561dc982df16e1
29,2,A1,Adverbs,use adverbs,Use adverbs,הם באים לכאן כל יום.,They come over here every day.,https://d1vq87e9lcf771.cloudfront.net/he_v1/696365a0d1f5c43a7ca8f7b07e595e80
29,2,A1,Adverbs,use adverbs,Use adverbs,אני די אוהבת את הצבע הזה.,I quite like this color.,https://d1vq87e9lcf771.cloudfront.net/he_v1/80a3ac337f3bbf4bde9d2012d2feea90
29,2,A1,Adverbs,use adverbs,Use adverbs,אני ממש אוהב את האוכל של אמא.,I really like mom's food.,https://d1vq87e9lcf771.cloudfront.net/he_v1/22ddf7277197d24076eca6fd1176c173
29,2,A1,Adverbs,use adverbs,Use adverbs,"הוא עובד עכשיו, כמו תמיד.","He is working now, as always.",https://d1vq87e9lcf771.cloudfront.net/he_v1/e55a3bb7387f88bb0f78d0ca04bd12ec
29,2,A1,Adverbs,use adverbs,Use adverbs,אני בקושי מכיר אותו.,I barely know him.,https://d1vq87e9lcf771.cloudfront.net/he_v1/ef405f23bcbaf8b9a7ef53884a07af6c
30,2,A1,Family,describe your family,Describe your family,"את יודעת, הבן שלי רופא.","You know, my son is a doctor.",https://d1vq87e9lcf771.cloudfront.net/he_v1/4280a65f0309aa422386056d2c77899b
30,2,A1,Family,describe your family,Describe your family,יש לי שני אחים גדולים ואח אחד קטן.,I have two older brothers and a younger brother.,https://d1vq87e9lcf771.cloudfront.net/he_v1/6add6e7742c327c7e3e6fb76eb462f56
30,2,A1,Family,describe your family,Describe your family,הם בעל ואישה.,They are husband and wife.,https://d1vq87e9lcf771.cloudfront.net/he_v1/bcfe0688341ed7c898617d94ddf7b852
30,2,A1,Family,describe your family,Describe your family,"יש לי כבר נכד, עכשיו אני רוצֶה נכדה.","I already have a grandson, now I want a granddaughter.",https://d1vq87e9lcf771.cloudfront.net/he_v1/48f96138432e2fe3617edbe0178ac227
30,2,A1,Family,describe your family,Describe your family,אני ובן דודי אוכלים ארוחת בוקר.,My cousin and I are eating breakfast.,https://d1vq87e9lcf771.cloudfront.net/he_v1/78adde1b453bd0f34bac84e385499261
30,2,A1,Family,describe your family,Describe your family,בן זוגי מבשל לי אוכל טעים.,My partner cooks me delicious food.,https://d1vq87e9lcf771.cloudfront.net/he_v1/c6f63432f73b7bebd76ca65a85a7d5a2
31,2,A1,Home,talk about your home,Talk about your home,"סליחה, איפה השירותים?","Excuse me, where are the toilets?",https://d1vq87e9lcf771.cloudfront.net/he_v1/d5c182a51fd446744c2aa7a70742c31f
31,2,A1,Home,talk about your home,Talk about your home,המפתח שלךָ נמצא על השולחן.,Your key is on the table.,https://d1vq87e9lcf771.cloudfront.net/he_v1/9e7c97b24c536211df4066be790868be
31,2,A1,Home,talk about your home,Talk about your home,כמה מדרגות יש בבית שלךָ?,How  many stairs are there in your home?,https://d1vq87e9lcf771.cloudfront.net/he_v1/2f55c048d708da2552de806a0fc5780a
31,2,A1,Home,talk about your home,Talk about your home,אני מנקֶה את הגג.,I am cleaning the roof.,https://d1vq87e9lcf771.cloudfront.net/he_v1/7fae575fb44fe6729be8d3e0db958c97
31,2,A1,Home,talk about your home,Talk about your home,"אני צריך מכונת כביסה חדשה, זאת כבר לא טובה.","I need a new washing machine, this one is no good anymore.",https://d1vq87e9lcf771.cloudfront.net/he_v1/e57bd17bb2dfdb6306e37473f1b6e61d
32,2,A1,Const. 1,use compound nouns,Use compound nouns,הילד שותֶה מבקבוק המים.,The boy drinks from the water bottle.,https://d1vq87e9lcf771.cloudfront.net/he_v1/744418e0296fa587cf2a545ef8ea50cd
32,2,A1,Const. 1,use compound nouns,Use compound nouns,המשפחה שלי אוהבת את עוגת השוקולד שלה.,My family loves her chocolate cake.,https://d1vq87e9lcf771.cloudfront.net/he_v1/3e164cea6b6a32d8685e146ac9b376bc
32,2,A1,Const. 1,use compound nouns,Use compound nouns,למסעדה הזאת יש ארוחות בוקר מצוינות.,This restaurant has excellent breakfasts.,https://d1vq87e9lcf771.cloudfront.net/he_v1/3c816bc36132938c4e14f83764d14b26
32,2,A1,Const. 1,use compound nouns,Use compound nouns,"האדריכל הזה מעצב בתי חולים, בתי מלון ובתי משפט.","This architect designs hospitals, hotels and courtrooms.",https://d1vq87e9lcf771.cloudfront.net/he_v1/5d2e41092f540110d8f72fd090822fe8
33,2,A1,Infinitv.1,form infinitives,Form infinitives,"להיות או לא להיות, זאת השאלה.","To be or not to be, that is the question.",https://d1vq87e9lcf771.cloudfront.net/he_v1/cbf8dd666f9d064b8124c54e3ec8af6c
33,2,A1,Infinitv.1,form infinitives,Form infinitives,מה אתה רוצֶה לכתוב?,What do you want to write?,https://d1vq87e9lcf771.cloudfront.net/he_v1/bf048eb818fab4c4aecc864de014e889
33,2,A1,Infinitv.1,form infinitives,Form infinitives,אין מה לעשות שם.,There is nothing to do there.,https://d1vq87e9lcf771.cloudfront.net/he_v1/d0216d9919ceeec13e582d5942740a82
33,2,A1,Infinitv.1,form infinitives,Form infinitives,אני לא רוצָה למנוע את זה ממנו.,I do not want to deprive him of that.,https://d1vq87e9lcf771.cloudfront.net/he_v1/b825beba865da628ae56e0d2397d41c2
34,2,A1,Weather,discuss the weather,Discuss the weather,השמש חזקה היום.,The sun is strong today.,https://d1vq87e9lcf771.cloudfront.net/he_v1/732a1c2545603a5c84ce8b16bfc91f95
34,2,A1,Weather,discuss the weather,Discuss the weather,יורד גשם.,It is raining.,https://d1vq87e9lcf771.cloudfront.net/he_v1/06ae4420a5c5fda4f5fc571957110402
34,2,A1,Weather,discuss the weather,Discuss the weather,מה הטמפרטורה עכשיו?,What is the temperature now?,https://d1vq87e9lcf771.cloudfront.net/he_v1/3fdd41ebd37b176694f715e48fd077e3
34,2,A1,Weather,discuss the weather,Discuss the weather,"יותר מדי מעונן, אני לא רואֶה את השמש.","It's too cloudy, I can't see the sun.",https://d1vq87e9lcf771.cloudfront.net/he_v1/64f4756067f5e4e2da1092b7f8bffbaf
34,2,A1,Weather,discuss the weather,Discuss the weather,יש עכשיו עשרים מעלות בחוץ.,It is twenty degrees outside now.,https://d1vq87e9lcf771.cloudfront.net/he_v1/8eb2838bc5f34514dfe4e1171984416d
35,2,A1,Places,describe places,Describe places,מי גר ברחוב הזה?,Who lives on that street?,https://d1vq87e9lcf771.cloudfront.net/he_v1/c8688bc1b746738693b3bdd3c96a4cff
35,2,A1,Places,describe places,Describe places,הילדים משחקים לאורך החוף.,The children are playing along the beach.,https://d1vq87e9lcf771.cloudfront.net/he_v1/8b0e63dec8d3f3bac84d7ca08b373d58
35,2,A1,Places,describe places,Describe places,יש בנק קרוב לפה?,Is there a bank near here?,https://d1vq87e9lcf771.cloudfront.net/he_v1/1da8ec95bdd1ea37bc6f9c286e2952f7
35,2,A1,Places,describe places,Describe places,חמש דקות מערב מפה יש מוזיאון מעניין.,Five minutes west of here there is an interesting museum.,https://d1vq87e9lcf771.cloudfront.net/he_v1/87091311a0ca38a86678a3662d6a30fa
36,2,A1,Present 3,use Hif'il verbs in the present,Use Hif'il verbs in the present,מה אתה מציע?,What do you suggest?,https://d1vq87e9lcf771.cloudfront.net/he_v1/9fd2b996fb0718d6bdcf26565bfbd336
36,2,A1,Present 3,use Hif'il verbs in the present,Use Hif'il verbs in the present,הם משכירים את הדירה של ההורים שלהם.,They rent out their parents' apartment.,https://d1vq87e9lcf771.cloudfront.net/he_v1/0e92fe3a9980b7f57f6f44418e820b47
36,2,A1,Present 3,use Hif'il verbs in the present,Use Hif'il verbs in the present,אבא מגיש את האוכל במטבח.,Dad is serving the food in the kitchen.,https://d1vq87e9lcf771.cloudfront.net/he_v1/130bfb406a1807283b725c0dad52b032
36,2,A1,Present 3,use Hif'il verbs in the present,Use Hif'il verbs in the present,העוגות שלי לא מכילות הרבה סוכר!,My cakes do not contain a lot of sugar!,https://d1vq87e9lcf771.cloudfront.net/he_v1/ee2924dc3b0803241c11e2edf2063fd2
37,2,A1,People,describe relationships,Describe relationships,אתה חבר שלי!,You are my friend.,https://d1vq87e9lcf771.cloudfront.net/he_v1/c647455b6d8ae6e43bbabc0836ac5276
37,2,A1,People,describe relationships,Describe relationships,יש לנו מערכת יחסים טובה.,We have got a good relationship.,https://d1vq87e9lcf771.cloudfront.net/he_v1/bc1de57f29216835169de786daf84d34
37,2,A1,People,describe relationships,Describe relationships,מי זה הבחור הזה?,Who is that guy?,https://d1vq87e9lcf771.cloudfront.net/he_v1/ceaf8b0cdb95fe52c7c13d09efac4667
37,2,A1,People,describe relationships,Describe relationships,אנחנו זוג.,We are a couple.,https://d1vq87e9lcf771.cloudfront.net/he_v1/aba7481b900ec07580179f8a5dbf10d2
38,2,A1,Numbers 2,form bigger numbers,Form bigger numbers,שלושים וחמש או שלושים ושתיים?,Thirty five or thirty two?,https://d1vq87e9lcf771.cloudfront.net/he_v1/15a5e19d37c4a511731f7f5b38d2c949
38,2,A1,Numbers 2,form bigger numbers,Form bigger numbers,אנחנו בשנות התשעים או השישים?,Are we in the nineties or the sixties?,https://d1vq87e9lcf771.cloudfront.net/he_v1/772f90162a7b76dfaa09af0547615df6
38,2,A1,Numbers 2,form bigger numbers,Form bigger numbers,שבע מאות כיסאות וגם ארבע מאות שולחנות?,Seven hundred chairs and also four hundred tables?,https://d1vq87e9lcf771.cloudfront.net/he_v1/fb1bfc33505a6b6ec263a1fc29032f2c
38,2,A1,Numbers 2,form bigger numbers,Form bigger numbers,הממוצע הוא עשרים אחוז.,The average is twenty percent.,https://d1vq87e9lcf771.cloudfront.net/he_v1/9e1718ece91767f2a72a04c842bc28c7
39,2,A1,Modals,expresss what could be,Expresss what could be,היא אמורה לבוא ביום שישי.,She is supposed to come on Friday.,https://d1vq87e9lcf771.cloudfront.net/he_v1/2e406994948dc5b5679f9729eb7dac31
39,2,A1,Modals,expresss what could be,Expresss what could be,אני אמור לבקר בירושלים מחר.,I am supposed to visit Jerusalem tomorrow.,https://d1vq87e9lcf771.cloudfront.net/he_v1/86802a4d410c3bee8b919025f93962b1
39,2,A1,Modals,expresss what could be,Expresss what could be,אני עשויה לעשות את זה.,I might do it.,https://d1vq87e9lcf771.cloudfront.net/he_v1/ed138c18fd94f10e54ed0ea7a46aeb85
39,2,A1,Modals,expresss what could be,Expresss what could be,אנחנו עשויים לישון ביום שבת.,We might sleep on Saturday.,https://d1vq87e9lcf771.cloudfront.net/he_v1/93ab54d39e54904750809d99772424ee
40,2,A1,Education,talk about school,Talk about school,העט הזה לא עובד!,This pen does not work!,https://d1vq87e9lcf771.cloudfront.net/he_v1/0cce4d11e717b2ac97231b23a7d7bf44
40,2,A1,Education,talk about school,Talk about school,אילו קורסים יש לכם?,What courses do you have?,https://d1vq87e9lcf771.cloudfront.net/he_v1/c8ceb44883bdf5f9f1ae955ff16987bb
40,2,A1,Education,talk about school,Talk about school,אני עדיין קוראת את הפרק הראשון.,I am still reading the first chapter.,https://d1vq87e9lcf771.cloudfront.net/he_v1/fcda78bfa96fdad58284cbc508e0c30e
40,2,A1,Education,talk about school,Talk about school,כמה משמעויות יש למילה הזאת?,How many meanings does this word have?,https://d1vq87e9lcf771.cloudfront.net/he_v1/643f06785b03740fa14865606d662aff
40,2,A1,Education,talk about school,Talk about school,תודה על ההסבר.,Thanks for the explanation.,https://d1vq87e9lcf771.cloudfront.net/he_v1/3834c9ceb68d8a77ffd1181f3a1fe340
41,2,A1,Travel,discuss travel,Discuss travel,"סליחה, מתי מגיע האוטובוס הבא?","Excuse me, when does the next bus arrive?",https://d1vq87e9lcf771.cloudfront.net/he_v1/f5d9ba3a82160739ac5bf2b6afeb722e
41,2,A1,Travel,discuss travel,Discuss travel,אנחנו רוכבים על סוסים.,We are riding horses.,https://d1vq87e9lcf771.cloudfront.net/he_v1/052879145651d166ebcd6ea6904e1eaa
41,2,A1,Travel,discuss travel,Discuss travel,זאת החופשה הראשונה שלה.,This is her first vacation.,https://d1vq87e9lcf771.cloudfront.net/he_v1/83c2cf9288e9259bdba8d45c8bc98a1d
41,2,A1,Travel,discuss travel,Discuss travel,זה רציף מספר שלוש.,This is platform number three.,https://d1vq87e9lcf771.cloudfront.net/he_v1/fafc568e28214f07af3fa780d6b48e6a
41,2,A1,Travel,discuss travel,Discuss travel,מתי יוצאת הטיסה שלךָ?,When does your flight depart?,https://d1vq87e9lcf771.cloudfront.net/he_v1/d977c52f2de370eecfbe0755f531b971
42,2,A1,Past Act.,use verbs in the past,Use verbs in the past,שלשום היינו במסיבה.,The day before yesterday we were at a party.,https://d1vq87e9lcf771.cloudfront.net/he_v1/b251b746beaba0f318bbad67e2ff3bf2
42,2,A1,Past Act.,use verbs in the past,Use verbs in the past,הלכנו לשם ביחד.,We went there together.,https://d1vq87e9lcf771.cloudfront.net/he_v1/485c36776a9a5bd42d75097516cd6da0
42,2,A1,Past Act.,use verbs in the past,Use verbs in the past,הכלב שלי אכל לי את שיעורי הבית!,My dog ate my homework!,https://d1vq87e9lcf771.cloudfront.net/he_v1/26f81a3864afd3cd489ced61ec23e487
42,2,A1,Past Act.,use verbs in the past,Use verbs in the past,בית הכלא הישן הפך למוזיאון.,The old prison has become a museum.,https://d1vq87e9lcf771.cloudfront.net/he_v1/fb08f46f236aefad38da3c397e45c513
42,2,A1,Past Act.,use verbs in the past,Use verbs in the past,קראתם את זה כבר?,Have you already read this?,https://d1vq87e9lcf771.cloudfront.net/he_v1/ad8b7ca6a8730b8a0b8f9f6de1e0ecc2
43,2,A1,Comparison,make comparisons,Make comparisons,אני דומָה לה.,I am similar to her.,https://d1vq87e9lcf771.cloudfront.net/he_v1/cdc24cc6073125c481109077064c2166
43,2,A1,Comparison,make comparisons,Make comparisons,"מי יותר גבוהה, היא או אני?","Who is taller, she or I?",https://d1vq87e9lcf771.cloudfront.net/he_v1/d78a67f11c7e6a356c5ce5c20244a83d
43,2,A1,Comparison,make comparisons,Make comparisons,הוא יותר מקצועי אבל פחות נחמד.,He is more professional but less friendly.,https://d1vq87e9lcf771.cloudfront.net/he_v1/ad1e158f2efcc437982c410b167b3a13
43,2,A1,Comparison,make comparisons,Make comparisons,זאת החולצה הכי יפָה!,That is the prettiest shirt!,https://d1vq87e9lcf771.cloudfront.net/he_v1/df03a441cd7c47e3cfbd65c82af1d80f
44,2,A1,Objects,refer to objects,Refer to objects,היא מאזינה לרדיו.,She is listening to the radio.,https://d1vq87e9lcf771.cloudfront.net/he_v1/ee1e68f103998ffa0aa5261244c0a916
44,2,A1,Objects,refer to objects,Refer to objects,כמה סבון אתה צריך?,How much soap do you need?,https://d1vq87e9lcf771.cloudfront.net/he_v1/9907d46535d10467cd8b9ce9851f0e40
44,2,A1,Objects,refer to objects,Refer to objects,אנחנו חושבים שהבריכה ריקה.,We think that the swimming pool is empty.,https://d1vq87e9lcf771.cloudfront.net/he_v1/4fa73df7429a2a32efc869023ff69c67
44,2,A1,Objects,refer to objects,Refer to objects,אני שותֶה קפה מהספל שלי.,I drink coffee from my mug.,https://d1vq87e9lcf771.cloudfront.net/he_v1/9b27d2fd4bfea14c27eef4d054401048
44,2,A1,Objects,refer to objects,Refer to objects,היא קונָה מתנה ליום ההולדת שלו.,She is buying a gift for his birthday.,https://d1vq87e9lcf771.cloudfront.net/he_v1/81301657eea28b1907d27f065e07d559
45,2,A1,Pres.Reflx,use complex verbs,Use complex verbs,הגבר מתחזק.,The man is getting stronger.,https://d1vq87e9lcf771.cloudfront.net/he_v1/da401da047eb9ae476024aa9eb637ca3
45,2,A1,Pres.Reflx,use complex verbs,Use complex verbs,אני מתקרבת אליכם.,I am getting closer to you.,https://d1vq87e9lcf771.cloudfront.net/he_v1/6e67fcb8823e268fae6bea184cd37f73
45,2,A1,Pres.Reflx,use complex verbs,Use complex verbs,החיות בגן החיות מזדקנות.,The animals at the zoo are getting older.,https://d1vq87e9lcf771.cloudfront.net/he_v1/d43c4d8a893730e04774d1dfe8801f2f
45,2,A1,Pres.Reflx,use complex verbs,Use complex verbs,אנחנו מתראים הרבה.,We see each other a lot.,https://d1vq87e9lcf771.cloudfront.net/he_v1/44ecd0f56a4719798490e03430efef84
46,2,A1,Adj. 3,describe attributes,Describe attributes,מצאתי סוס נדיר.,I found a rare horse.,https://d1vq87e9lcf771.cloudfront.net/he_v1/e2fd8cb2a95da08d7380eebb79394584
46,2,A1,Adj. 3,describe attributes,Describe attributes,זאת חנות מקומית.,It is a local shop.,https://d1vq87e9lcf771.cloudfront.net/he_v1/7ac6ddcec6edaa47622f35f2a7a8bcf8
46,2,A1,Adj. 3,describe attributes,Describe attributes,אנחנו מחפשים את המבנה ההיסטורי.,We are looking for the historic building.,https://d1vq87e9lcf771.cloudfront.net/he_v1/81110dbe0724783b6e4bdbfc49eeafd7
46,2,A1,Adj. 3,describe attributes,Describe attributes,הכובע הזה מדהים!,That hat is amazing.,https://d1vq87e9lcf771.cloudfront.net/he_v1/63d4b774a2b7504789e3ff07ba5c6706
47,2,A1,Abs. Ob. 1,form abstract concepts,Form abstract concepts,זה חלק מההשקפה שלה.,It is part of her perspective.,https://d1vq87e9lcf771.cloudfront.net/he_v1/af534fc664d4b040a2a4d8edaeb0520c
47,2,A1,Abs. Ob. 1,form abstract concepts,Form abstract concepts,זאת פקודה!,That is an order!,https://d1vq87e9lcf771.cloudfront.net/he_v1/79a021ce7643ab61365b80623abbc06e
47,2,A1,Abs. Ob. 1,form abstract concepts,Form abstract concepts,הכל בשליטה.,Everything is under control.,https://d1vq87e9lcf771.cloudfront.net/he_v1/fc26011478bbd8eb0871250c00ca24e4
47,2,A1,Abs. Ob. 1,form abstract concepts,Form abstract concepts,איזה עיצוב מודרני!,What a modern design!,https://d1vq87e9lcf771.cloudfront.net/he_v1/7c364abb6e715e17feae76c53ac007a4
47,2,A1,Abs. Ob. 1,form abstract concepts,Form abstract concepts,מבנה הקורס הוא חשוב.,The course structure is important.,https://d1vq87e9lcf771.cloudfront.net/he_v1/56afa9966b80274ca8728eb810736d9a
48,2,A1,Imper. 1,use commands,Use commands,בוא איתי.,Come with me.,https://d1vq87e9lcf771.cloudfront.net/he_v1/c61fd33b4ebe826fa7af9dcac3aaaba3
48,2,A1,Imper. 1,use commands,Use commands,עצור!,Stop!,https://d1vq87e9lcf771.cloudfront.net/he_v1/e20b67565c4695b0be90e26a2f8a9403
48,2,A1,Imper. 1,use commands,Use commands,"אני באה, חכו לי!","I'm coming, wait for me!",https://d1vq87e9lcf771.cloudfront.net/he_v1/a1eda3ecee5f71ca4ae494175fbcafb5
48,2,A1,Imper. 1,use commands,Use commands,הזמיני אותו לארוחת בוקר!,Invite him for breakfast!,https://d1vq87e9lcf771.cloudfront.net/he_v1/3eebfa7952f2614c90f7d97f29a2263f
49,2,A1,Languages,talk about languages,Talk about languages,כמה שפות אתה מדבר?,How many languages do you speak?,https://d1vq87e9lcf771.cloudfront.net/he_v1/8563985e44e56859a7c8d7ef9a481d02
49,2,A1,Languages,talk about languages,Talk about languages,הרבה אנשים בישראל מדברים רוסית.,Many people in Israel speak Russian.,https://d1vq87e9lcf771.cloudfront.net/he_v1/346471fc3fb3b2224f6b001e5038c600
49,2,A1,Languages,talk about languages,Talk about languages,פורטוגזית היא שפה מעניינת.,Portuguese is an interesting language.,https://d1vq87e9lcf771.cloudfront.net/he_v1/932423ad5653ca4fa225943d4830fa36
49,2,A1,Languages,talk about languages,Talk about languages,הוא כותב את המכתב בערבית.,He is writing the letter in Arabic.,https://d1vq87e9lcf771.cloudfront.net/he_v1/71d72604bc98e9aa9663819e687f1155
49,2,A1,Languages,talk about languages,Talk about languages,"זה שם עצם, לא שם תואר.","This is a noun, not an adjective.",https://d1vq87e9lcf771.cloudfront.net/he_v1/df17e35b3cb10065573f63c618b96d18
50,2,A1,Emergency!,describe emergencies,Describe emergencies,זהירות!,Careful!,https://d1vq87e9lcf771.cloudfront.net/he_v1/53bbe0e9d646072119ad2717c1219e00
50,2,A1,Emergency!,describe emergencies,Describe emergencies,אני צריך עזרה.,I need help.,https://d1vq87e9lcf771.cloudfront.net/he_v1/8efe51c799302a8cbcd24b6a74069f28
50,2,A1,Emergency!,describe emergencies,Describe emergencies,יש לנו מקרה חירום.,We have got an emergency.,https://d1vq87e9lcf771.cloudfront.net/he_v1/36ec455d320ca546037846f407a6c18f
50,2,A1,Emergency!,describe emergencies,Describe emergencies,הם לכודים.,They are trapped.,https://d1vq87e9lcf771.cloudfront.net/he_v1/cf20ccffd11a24e4a85ddfef1af1f358
50,2,A1,Emergency!,describe emergencies,Describe emergencies,צוות החילוץ מגיע.,The rescue team is arriving.,https://d1vq87e9lcf771.cloudfront.net/he_v1/5d7c32de72833257ce6b23099b71c7ea
51,2,A1,Future 1,use the future tense,Use the future tense,אני אהיה בעיר מחר.,I will be in the city tomorrow.,https://d1vq87e9lcf771.cloudfront.net/he_v1/71e3d52ff8ee92bc50b8ac1a838e1b01
51,2,A1,Future 1,use the future tense,Use the future tense,אני אבחר מסעדה.,I will choose a restaurant.,https://d1vq87e9lcf771.cloudfront.net/he_v1/cc01fe364b4ea2fa9142049838673af2
51,2,A1,Future 1,use the future tense,Use the future tense,לא יהיה לנו בית.,We won't have a home.,https://d1vq87e9lcf771.cloudfront.net/he_v1/5584c1bbad45938c7c4f82c4cb8faad7
51,2,A1,Future 1,use the future tense,Use the future tense,היא תקשיב לי אם אדבר איתה.,She will listen to me if I speak with her.,https://d1vq87e9lcf771.cloudfront.net/he_v1/b14e3af31c0de5b05aea14a2c82cc86f
51,2,A1,Future 1,use the future tense,Use the future tense,ביום שלישי מזג האוויר ישתנה.,On Tuesday the weather will change.,https://d1vq87e9lcf771.cloudfront.net/he_v1/7a9cd6428b411e6b6f266ea2ec4a6d49
52,2,A1,Passive,form passive phrases,Form passive phrases,זה כתוב בספר.,It is written in the book.,https://d1vq87e9lcf771.cloudfront.net/he_v1/293ad657f93e0bc11d5ea5c3272928e0
52,2,A1,Passive,form passive phrases,Form passive phrases,זה עשוי מפירות טריים.,It's made from fresh fruit.,https://d1vq87e9lcf771.cloudfront.net/he_v1/407db3bb8aade720c5328bac359b335a
52,2,A1,Passive,form passive phrases,Form passive phrases,זאת התוצאה הרצויה.,That is the desired result.,https://d1vq87e9lcf771.cloudfront.net/he_v1/a78b49f2e3bebe2c7879b217046669a2
52,2,A1,Passive,form passive phrases,Form passive phrases,אני מעדיפה אוכל מבושל.,I prefer cooked food.,https://d1vq87e9lcf771.cloudfront.net/he_v1/2b9747c34b5d2a0c8ce390669db6a559
52,2,A1,Passive,form passive phrases,Form passive phrases,אני רוצָה לדעת מתי הרופאה צפויה לחזור.,I want to know when the doctor is expected to return.,https://d1vq87e9lcf771.cloudfront.net/he_v1/d2774fffe3617ef165db65d84ecff4e8
52,2,A1,Passive,form passive phrases,Form passive phrases,הידע שלהם על הנושא הזה הוא מוגבל מאוד.,Their knowledge of this topic is very limited.,https://d1vq87e9lcf771.cloudfront.net/he_v1/5ca80436cbf0666f5e78ac11a1f4285f
53,2,A1,Ref. Pron.,refer to yourself,Refer to yourself,אתה יכול לעשות הכל בעצמךָ.,You can do everything by yourself.,https://d1vq87e9lcf771.cloudfront.net/he_v1/0c7bd05faa4252df6210d3ca449e46b6
53,2,A1,Ref. Pron.,refer to yourself,Refer to yourself,היא מבינה את עצמה טוב מאוד.,She understands herself very well.,https://d1vq87e9lcf771.cloudfront.net/he_v1/076bec9b8cce96f613f134268c7c8874
53,2,A1,Ref. Pron.,refer to yourself,Refer to yourself,הציגו את עצמכם!,Present yourselves!,https://d1vq87e9lcf771.cloudfront.net/he_v1/9b2a8b6ed343bc00f687cf3bf3230480
53,2,A1,Ref. Pron.,refer to yourself,Refer to yourself,אתם מלמדים את עצמכם עברית.,You are teaching yourselves Hebrew.,https://d1vq87e9lcf771.cloudfront.net/he_v1/e05f6d44b9080bbd48fe850847033b05
54,2,A1,Nif'al,form passive sentences,Form passive sentences,הספר נקרא על ידי הסופרת.,The book is read by the author.,https://d1vq87e9lcf771.cloudfront.net/he_v1/11e9297b2feec2309d4a8bdaf0558f24
54,2,A1,Nif'al,form passive sentences,Form passive sentences,דלתות חדשות נפתחות לי.,New doors are opening for me.,https://d1vq87e9lcf771.cloudfront.net/he_v1/e4b418cbc3ece3f7ecc489c7b8402945
54,2,A1,Nif'al,form passive sentences,Form passive sentences,כל שבוע אני נפגש עם המשפחה שלי.,Every week I meet up with my family.,https://d1vq87e9lcf771.cloudfront.net/he_v1/75f7686d43b700251410810ebab7f9ac
54,2,A1,Nif'al,form passive sentences,Form passive sentences,אני לא מאמין שהם נפרדים! הם זוג כל כך נחמד!,I can't believe they are breaking up! They are such a nice couple!,https://d1vq87e9lcf771.cloudfront.net/he_v1/48f21f0c372ecdbcd1a6d24943756f17
54,2,A1,Nif'al,form passive sentences,Form passive sentences,אני נהנה לרוץ כל בוקר.,I enjoy running every morning.,https://d1vq87e9lcf771.cloudfront.net/he_v1/30585f63efcd5cfbbe28293bc6d4c43a
55,2,A1,Nature,describe nature,Describe nature,השדה מלא בפרחים צבעוניים.,The field is full of colorful flowers.,https://d1vq87e9lcf771.cloudfront.net/he_v1/edaee39c8f050f3e0723957e60ba4bcb
55,2,A1,Nature,describe nature,Describe nature,העשן יוצא מתוך הקרקע.,The smoke is coming out of the ground.,https://d1vq87e9lcf771.cloudfront.net/he_v1/8f4612c4ec035e0418685121577af289
55,2,A1,Nature,describe nature,Describe nature,נהר הירדן נמצא בין ישראל לירדן.,The Jordan river is situated between Israel and Jordan.,https://d1vq87e9lcf771.cloudfront.net/he_v1/332938e1e358cd649ef76702e0e2b02e
55,2,A1,Nature,describe nature,Describe nature,זאת השקיעה הכי יפָה שראיתי.,This is the most beautiful sunset I have ever seen.,https://d1vq87e9lcf771.cloudfront.net/he_v1/6e710e787e7ae42051cacf84f549557a
56,2,A1,Decisions,express your opinion,Express your opinion,לפי דעתי העניבה הסגולה לא מתאימה לחולצה הלבנה.,"In my opinion, the purple tie does not go with the white shirt.",https://d1vq87e9lcf771.cloudfront.net/he_v1/d29f88c645ecedd2d2aa73a58b4353dd
56,2,A1,Decisions,express your opinion,Express your opinion,אני חושב שהוא טועֶה.,I think he is mistaken.,https://d1vq87e9lcf771.cloudfront.net/he_v1/74e4efa26aa2f4b08faa8af2cd7b0a7c
56,2,A1,Decisions,express your opinion,Express your opinion,"מכל ההצעות, זאת הכי טובה.","Of all the suggestions, this is the best.",https://d1vq87e9lcf771.cloudfront.net/he_v1/f5a68c777736bdd1029c7822f16a6490
56,2,A1,Decisions,express your opinion,Express your opinion,לתכנית יש הרבה חסרונות.,The plan has many disadvantages.,https://d1vq87e9lcf771.cloudfront.net/he_v1/4c91daac8c1aa5c222e0251dcd1a5325
57,3,A1,Imper. 2,use commands,Use commands,סְגור את הדלת!,Shut the door!,https://d1vq87e9lcf771.cloudfront.net/he_v1/e821a793354b4c58add0b172abd4c858
57,3,A1,Imper. 2,use commands,Use commands,בקרו את סבא שלכם!,Visit your grandfather!,https://d1vq87e9lcf771.cloudfront.net/he_v1/86aa193072711cc30d5e66e67e46caf9
57,3,A1,Imper. 2,use commands,Use commands,היכנסו!,Enter!,https://d1vq87e9lcf771.cloudfront.net/he_v1/dfa5a0d5357833a5bdce0029a86149d3
57,3,A1,Imper. 2,use commands,Use commands,הישאר כאן איתנו.,Stay here with us.,https://d1vq87e9lcf771.cloudfront.net/he_v1/c42819973b379f15860e74e96f4d210b
57,3,A1,Imper. 2,use commands,Use commands,בואו נדבר בעברית.,Let's speak in Hebrew.,https://d1vq87e9lcf771.cloudfront.net/he_v1/c95fd8f5a908158faebff8cad66817ac
58,3,A1,Pas. Ac. 2,use the past tense,Use the past tense,התחתנתי באביב.,I got married in the spring.,https://d1vq87e9lcf771.cloudfront.net/he_v1/d6faf9c24fcd764df93217b337660b2b
58,3,A1,Pas. Ac. 2,use the past tense,Use the past tense,התקשרנו לומר שאנחנו אוהבים אתכם.,We called to say that we love you.,https://d1vq87e9lcf771.cloudfront.net/he_v1/8843049b71dfbdf81fe37e5e986cdc5e
58,3,A1,Pas. Ac. 2,use the past tense,Use the past tense,החייל התנדב לרוץ אל הגשר.,The soldier volunteered to run to the bridge.,https://d1vq87e9lcf771.cloudfront.net/he_v1/321f024bf6cfa4953e2c14f1c4eea58b
58,3,A1,Pas. Ac. 2,use the past tense,Use the past tense,הוא עוד לא התאושש מהמסיבה אתמול בערב.,He has not recovered yet from the party last night.,https://d1vq87e9lcf771.cloudfront.net/he_v1/cca9c144dd11f5d9860afd7c7adac496
59,3,A1,Pas.Nif'al,form the past passive,Form the past passive,החורף נגמר.,Winter is over.,https://d1vq87e9lcf771.cloudfront.net/he_v1/ed1bc01858c1aa2543c6f9f7b17df62e
59,3,A1,Pas.Nif'al,form the past passive,Form the past passive,כשדיברתי איתו הוא נשמע שמח.,When I spoke with him he sounded happy.,https://d1vq87e9lcf771.cloudfront.net/he_v1/87a8c7754805490d06297f9f09e60839
59,3,A1,Pas.Nif'al,form the past passive,Form the past passive,המכתבים האלה נכתבו על ידי סבתא שלי.,These letters were written by my grandmother.,https://d1vq87e9lcf771.cloudfront.net/he_v1/3afa5d18da173adf8ba487bdc0bca90d
59,3,A1,Pas.Nif'al,form the past passive,Form the past passive,המזוודה שלי נאבדה בשדה התעופה.,My suitcase was lost in the airport.,https://d1vq87e9lcf771.cloudfront.net/he_v1/75a50d8170134add0afa9068bd5a1bce
59,3,A1,Pas.Nif'al,form the past passive,Form the past passive,כל ההצעות נשלחו לוועדה.,All the proposals were sent to the committee.,https://d1vq87e9lcf771.cloudfront.net/he_v1/2c3f22adee500965ad5dc57cbf2d4d56
60,3,A1,Feelings,express your emotions,Express your emotions,אני מקווה שאת מאושרת.,I hope you are happy.,https://d1vq87e9lcf771.cloudfront.net/he_v1/413a4f71208620dce6f5f940b0df6dd5
60,3,A1,Feelings,express your emotions,Express your emotions,"אני מצטער, זה מביך.","I am sorry, that is embarrassing.",https://d1vq87e9lcf771.cloudfront.net/he_v1/50084eeaa0f3a6763b7f383f48daf008
60,3,A1,Feelings,express your emotions,Express your emotions,אני מצפֶה לראות אתכם.,I'm looking forward to seeing you.,https://d1vq87e9lcf771.cloudfront.net/he_v1/f7125f0a6438ba959141eb0695268104
60,3,A1,Feelings,express your emotions,Express your emotions,"אני מנסֶה להיות רגוע, אבל אני מפחד!","I am trying to be calm, but I am scared!",https://d1vq87e9lcf771.cloudfront.net/he_v1/ae87721829d6a203e7a042c006415fa7
60,3,A1,Feelings,express your emotions,Express your emotions,אלה דמעות של אושר.,These are tears of joy.,https://d1vq87e9lcf771.cloudfront.net/he_v1/85b024b9a2d00a191aa2ba657c90f388
61,3,A1,Geometry,describe shapes,Describe shapes,לריבוע יש ארבעה קוים.,A square has four lines.,https://d1vq87e9lcf771.cloudfront.net/he_v1/6062020151ac1f32cfc953accfc27af0
61,3,A1,Geometry,describe shapes,Describe shapes,האם זה עיגול או אליפסה?,Is this a circle or an ellipse?,https://d1vq87e9lcf771.cloudfront.net/he_v1/7f78da2300ab55360baf1ead8088cf8a
61,3,A1,Geometry,describe shapes,Describe shapes,למשושה יש יותר צלעות ממקבילית.,A hexagon has more sides than a parallelogram.,https://d1vq87e9lcf771.cloudfront.net/he_v1/7818266800dddb7cbc881d569472c757
61,3,A1,Geometry,describe shapes,Describe shapes,מה השטח של המלבן?,What is the area of the rectangle?,https://d1vq87e9lcf771.cloudfront.net/he_v1/81f2223067edd3aa8d9d385cdfb45118
62,3,A1,Abs. Ob. 2,discuss abstract concepts,Discuss abstract concepts,הוא דיבר אליי בכבוד.,He spoke to me with respect.,https://d1vq87e9lcf771.cloudfront.net/he_v1/e161909c50459ac522cebe4273e5abe5
62,3,A1,Abs. Ob. 2,discuss abstract concepts,Discuss abstract concepts,הן לא מקבלות את המציאות.,They do not accept reality.,https://d1vq87e9lcf771.cloudfront.net/he_v1/33403026b4d94e57444e5e52b7037692
62,3,A1,Abs. Ob. 2,discuss abstract concepts,Discuss abstract concepts,כל מה שנשאר הוא רק זיכרון.,All that is left is just a memory.,https://d1vq87e9lcf771.cloudfront.net/he_v1/b9c2d266dfebf46f765b1178939f2a22
62,3,A1,Abs. Ob. 2,discuss abstract concepts,Discuss abstract concepts,זאת האמת!,That is the truth!,https://d1vq87e9lcf771.cloudfront.net/he_v1/f10806357208557a018b60080a922e37
63,3,A1,Infinitv.2,use the infinitive,Use the infinitive,אנחנו רוצים להמשיך להרפתקה הבאה.,We want to continue to the next adventure.,https://d1vq87e9lcf771.cloudfront.net/he_v1/fab06800e5187a808d3d36619927756d
63,3,A1,Infinitv.2,use the infinitive,Use the infinitive,אתם רוצים לענות?,Do you want to answer?,https://d1vq87e9lcf771.cloudfront.net/he_v1/f2976f102680eb67a184f0dc83f2ac82
63,3,A1,Infinitv.2,use the infinitive,Use the infinitive,אני צריך לחכות לדרכון האירופאי.,I need to wait for the European passport.,https://d1vq87e9lcf771.cloudfront.net/he_v1/92ffa21b40ceb5c7c1363e5d33dabccd
63,3,A1,Infinitv.2,use the infinitive,Use the infinitive,התיירים צריכים להתאושש מהטיול.,The tourists need to recover from the trip.,https://d1vq87e9lcf771.cloudfront.net/he_v1/67817fb5683cc0abdd577ad3599c3c75
64,3,A1,Const. 2,refer to the news,Refer to the news,ראש הממשלה החליט שלא להגיב.,The Prime Minister has decided not to react.,https://d1vq87e9lcf771.cloudfront.net/he_v1/fc0d67bd29992bd5d5fcad5f5621699d
64,3,A1,Const. 2,refer to the news,Refer to the news,מצאנו כלֵי נשק על המטוס.,We found weapons on the airplane.,https://d1vq87e9lcf771.cloudfront.net/he_v1/7eb798db557a4b6458ca7c62c2953b2d
64,3,A1,Const. 2,refer to the news,Refer to the news,על הגבול יש הרבה מגדלי שמירה.,On the border there are many watchtowers.,https://d1vq87e9lcf771.cloudfront.net/he_v1/c7d18f89b51b623068ae3fd4cee1e9b3
64,3,A1,Const. 2,refer to the news,Refer to the news,אלה שומרי הראש של ראש הממשלה.,These are the bodyguards of the Prime Minister.,https://d1vq87e9lcf771.cloudfront.net/he_v1/f2aab4759a0b296734e1700823bf32a3
65,3,A1,Condit.,say what could have been,Say what could have been,אם היא לא הייתה שחקנית מפורסמת היא הייתה רופאה.,If she weren't a famous actress she would have been a doctor.,https://d1vq87e9lcf771.cloudfront.net/he_v1/00d49dc7e6e46e788b5279138ace1257
65,3,A1,Condit.,say what could have been,Say what could have been,לוּ ידעתָ כמה אתה חשוב לי.,If only you knew how important you are to me.,https://d1vq87e9lcf771.cloudfront.net/he_v1/aaa14e0031845668fa6eb7ce2d454d45
65,3,A1,Condit.,say what could have been,Say what could have been,כבר היינו צריכים לחזור!,We should have already come back!,https://d1vq87e9lcf771.cloudfront.net/he_v1/c287f2b92012b12b2dfbcef8a992922f
65,3,A1,Condit.,say what could have been,Say what could have been,לולא התחננתי הוא לא היה נותן לי את המפתח.,If I hadn't begged he wouldn't have given me the key.,https://d1vq87e9lcf771.cloudfront.net/he_v1/be88e4e4f8a9b5c875d62ef2f0c623bc
66,3,A1,Medical,describe body parts,Describe body parts,כמה אצבעות יש לקוף?,How many fingers does a monkey have?,https://d1vq87e9lcf771.cloudfront.net/he_v1/4e0c696a830ec3335ecfb435da2933a6
66,3,A1,Medical,describe body parts,Describe body parts,כואב לי המרפק.,My elbow hurts.,https://d1vq87e9lcf771.cloudfront.net/he_v1/326796cdbb7858fa83c8b63e4437d681
66,3,A1,Medical,describe body parts,Describe body parts,יש לי שתי ברכיים ושתי כתפיים.,I have two knees and two shoulders.,https://d1vq87e9lcf771.cloudfront.net/he_v1/e1b56968b05996c3f70a545b65291de3
66,3,A1,Medical,describe body parts,Describe body parts,המוח נמצא  בתוך הגולגולת.,The brain is situated inside the skull.,https://d1vq87e9lcf771.cloudfront.net/he_v1/7fb28b6a07a634d13c91eb267d216e02
67,3,A1,Future 2,use the future tense,Use the future tense,איך נדע אם הם ניצחו?,How will we know if they won?,https://d1vq87e9lcf771.cloudfront.net/he_v1/9d81354409703658298362c65e8d50ab
67,3,A1,Future 2,use the future tense,Use the future tense,אני חושב שאני אחליף את המחשב הזה.,I think I will replace this computer.,https://d1vq87e9lcf771.cloudfront.net/he_v1/0778012c3555d8134491c5e884bbedf2
67,3,A1,Future 2,use the future tense,Use the future tense,היא אמרה לי שהיא תחכה ליד הבנק.,She told me that she would be waiting by the bank.,https://d1vq87e9lcf771.cloudfront.net/he_v1/b7063ec3ef97dc5dc69abf2cbab2654b
67,3,A1,Future 2,use the future tense,Use the future tense,יכול להיות שהם יבקשו את מספר חשבון הבנק שלךָ.,They might ask for your bank account number.,https://d1vq87e9lcf771.cloudfront.net/he_v1/d8fc3aa51c3aec24e15b4bf76e79e569
68,3,A1,Religion,talk about religion,Talk about religion,בכל שבת יהודים רבים הולכים לבית הכנסת.,Every Saturday many Jews go to the synagogue.,https://d1vq87e9lcf771.cloudfront.net/he_v1/4af1c449d8dd124ea3636d00add87bd5
68,3,A1,Religion,talk about religion,Talk about religion,בעלי הוא יהודי דתי.,My husband is a religious Jew.,https://d1vq87e9lcf771.cloudfront.net/he_v1/f7765328859b6dcd3c851de3e424f183
68,3,A1,Religion,talk about religion,Talk about religion,ביוון העתיקה היו הרבה אלים.,In Ancient Greece there were many gods.,https://d1vq87e9lcf771.cloudfront.net/he_v1/3aa5f8c49485553a1a2b9b00445adce9
68,3,A1,Religion,talk about religion,Talk about religion,מה האסלאם אומר על זה?,What does Islam say about that?,https://d1vq87e9lcf771.cloudfront.net/he_v1/9c2a8bfd6400648135acdf57bdb6f099
69,3,A1,Arts,comment on art,Comment on art,הסוף של הסרט היה הפתעה גדולה!,The ending of the movie was a big surprise!,https://d1vq87e9lcf771.cloudfront.net/he_v1/76319c0725a3cb24ad03149ed0fcdce1
69,3,A1,Arts,comment on art,Comment on art,"בלי ספרות, אין תרבות.","Without literature, there is no culture.",https://d1vq87e9lcf771.cloudfront.net/he_v1/f526f3f3a20ab277c5746befec83f100
69,3,A1,Arts,comment on art,Comment on art,אתה מעדיף שירה מודרנית או שירה עתיקה?,Do you prefer modern poetry or ancient poetry?,https://d1vq87e9lcf771.cloudfront.net/he_v1/48c2cc38eeffe4b7e9e89676ae130033
69,3,A1,Arts,comment on art,Comment on art,המפיק ידבר עם השחקן אחרי ההצגה.,The producer will speak to the actor after the show.,https://d1vq87e9lcf771.cloudfront.net/he_v1/d48fe858f89d5c81ac07efeb6652122c
70,3,A1,Neg. Imp.,use negative commands,Use negative commands,אַל תלך!,Do not go!,https://d1vq87e9lcf771.cloudfront.net/he_v1/94d5595b6e5910d17791b5e76b50a28d
70,3,A1,Neg. Imp.,use negative commands,Use negative commands,"אַל תשנו כלום, זה מושלם!","Do not change anything, this is perfect!",https://d1vq87e9lcf771.cloudfront.net/he_v1/0b08e8276660665584e1a5c915b3a9cb
70,3,A1,Neg. Imp.,use negative commands,Use negative commands,אַל תשנה את הנושא!,Do not change the subject!,https://d1vq87e9lcf771.cloudfront.net/he_v1/c4608b7a0040742d9f4bcb143f4ef291
70,3,A1,Neg. Imp.,use negative commands,Use negative commands,אַל תתעלם מהבעיה הזאת!,Do not ignore that problem!,https://d1vq87e9lcf771.cloudfront.net/he_v1/bd308c6e88890dee8cfa924ffa52bbf8
71,3,A1,Technology,discuss technology,Discuss technology,פתח את הדפדפן שוב.,Open the browser again.,https://d1vq87e9lcf771.cloudfront.net/he_v1/ea055dd0f78e20dcceb2b439626002ab
71,3,A1,Technology,discuss technology,Discuss technology,הנתונים נראים טובים.,The data looks good.,https://d1vq87e9lcf771.cloudfront.net/he_v1/2f4fec1ce20d3ef1f91ffbeab1b2c7f7
71,3,A1,Technology,discuss technology,Discuss technology,המקלדת היא העט של העידן המודרני.,The keyboard is the pen of the modern era.,https://d1vq87e9lcf771.cloudfront.net/he_v1/d1ca46e77dfc20c768ff5ba3bb7f14d8
71,3,A1,Technology,discuss technology,Discuss technology,הם מעלים סרטים לאתרי אינטרנט.,They upload movies to Internet sites.,https://d1vq87e9lcf771.cloudfront.net/he_v1/35241a0770d4bfdd18a7e3c99b5b1f23
72,3,A1,Verbal N.,use verbal nouns,Use verbal nouns,זאת הייתה קנייה חכמה.,That was a smart purchase.,https://d1vq87e9lcf771.cloudfront.net/he_v1/e7276bef5fd4488215496ae689660b39
72,3,A1,Verbal N.,use verbal nouns,Use verbal nouns,בישול הוא אמנות.,Cooking is an art.,https://d1vq87e9lcf771.cloudfront.net/he_v1/70d968219abdb90d8e99b946ec50e575
72,3,A1,Verbal N.,use verbal nouns,Use verbal nouns,קיבלנו הזמנה לחתונה של בת הדודה שלי.,We received an invitation to my cousin's wedding.,https://d1vq87e9lcf771.cloudfront.net/he_v1/a094a2fc1060aea19359617dacd7aa15
72,3,A1,Verbal N.,use verbal nouns,Use verbal nouns,ההתנצלות לא תשנה כלום.,The apology will change nothing.,https://d1vq87e9lcf771.cloudfront.net/he_v1/334c48a245178bb446c744b9447227da
73,3,A1,Science,discuss scientific issues,Discuss scientific issues,מה ההבדל בין תזה למחקר?,What is the difference between a thesis and research?,https://d1vq87e9lcf771.cloudfront.net/he_v1/ca8674e0b6b8179d93368c7930d09bf2
73,3,A1,Science,discuss scientific issues,Discuss scientific issues,מהירות האור גדולה ממהירות הקול.,The speed of light is greater than the speed of sound.,https://d1vq87e9lcf771.cloudfront.net/he_v1/8adbda97bcc724bbb23c7b69a6efdd92
73,3,A1,Science,discuss scientific issues,Discuss scientific issues,ההגדרה שלהם שגויה.,Their definition is incorrect.,https://d1vq87e9lcf771.cloudfront.net/he_v1/5017e82c5e10501af51b2f96fe9d60b4
73,3,A1,Science,discuss scientific issues,Discuss scientific issues,האנרגיה קשורה למסה של החפץ.,The energy is related to the mass of the object.,https://d1vq87e9lcf771.cloudfront.net/he_v1/78b356aab46281de1701628c3cea8591
73,3,A1,Science,discuss scientific issues,Discuss scientific issues,"אם היא רוצָה להיות רופאה, היא תהיה צריכה ללמוד גנטיקה, ביולוגיה וכימיה.","If she wants to be a doctor, she will need to study Genetics, Biology and Chemistry.",https://d1vq87e9lcf771.cloudfront.net/he_v1/fc97ddc9b89fb5179b726e3f1c55b23f
74,3,A1,Music,talk about music,Talk about music,היא זמרת בלהקה.,She is a singer in a band.,https://d1vq87e9lcf771.cloudfront.net/he_v1/a590cc761a5a9b46ea40cfcfa38f7834
74,3,A1,Music,talk about music,Talk about music,השכן שלי מנגן בפסנתר.,My neighbor plays the piano.,https://d1vq87e9lcf771.cloudfront.net/he_v1/a5eaacccb5284983de1232758e95f8d3
74,3,A1,Music,talk about music,Talk about music,מה הז'אנר האהוב עליך?,What is your favorite genre?,https://d1vq87e9lcf771.cloudfront.net/he_v1/51a94a7826c2e6506dbb95dfc18efd07
74,3,A1,Music,talk about music,Talk about music,את שומעת את ההד?,Do you hear the echo?,https://d1vq87e9lcf771.cloudfront.net/he_v1/7409611cf4de199294b93229e622bfb2
74,3,A1,Music,talk about music,Talk about music,המנצח החליט לשנות את הסולם.,The conductor decided to change the key.,https://d1vq87e9lcf771.cloudfront.net/he_v1/d4c4ea276ef0ed070029f5e3c7a13365
75,3,A1,Sports,discuss sport,Discuss sport,מה הקבוצה האהובה עליך?,What is your favorite team?,https://d1vq87e9lcf771.cloudfront.net/he_v1/c23c69d1673803c89e35b6ff6849ae5c
75,3,A1,Sports,discuss sport,Discuss sport,אנחנו האלופים!,We are the champions!,https://d1vq87e9lcf771.cloudfront.net/he_v1/87990c488b35f4b9f3b8771e31a3cbaa
75,3,A1,Sports,discuss sport,Discuss sport,באפריל אני רץ מרתון בישראל ובאוגוסט במצרים.,In April I am running a marathon in Israel and in August in Egypt.,https://d1vq87e9lcf771.cloudfront.net/he_v1/5be12e9753908c2340eb6bd3ebeb74b2
75,3,A1,Sports,discuss sport,Discuss sport,אני רוצֶה לבנות מכון כושר בחצר.,I want to build a gym in the yard.,https://d1vq87e9lcf771.cloudfront.net/he_v1/4995be899cf2fe98154762cc8469424c
75,3,A1,Sports,discuss sport,Discuss sport,האוהדים עזבו במחצית.,The fans left at halftime.,https://d1vq87e9lcf771.cloudfront.net/he_v1/8da3b86a140014b5a078a4e82cd6c337
76,3,A1,Politics,argue about politics,Argue about politics,הנשיא לא רוצֶה מלחמה.,The president does not want a war.,https://d1vq87e9lcf771.cloudfront.net/he_v1/e9034b9abcd3a46c9d9987ee27aae4df
76,3,A1,Politics,argue about politics,Argue about politics,הציבור לא אוהב את החוק הזה.,The public does not like this law.,https://d1vq87e9lcf771.cloudfront.net/he_v1/9646007a60730fbb8877d5c4b64d3eac
76,3,A1,Politics,argue about politics,Argue about politics,מתי הבחירות?,When are the elections?,https://d1vq87e9lcf771.cloudfront.net/he_v1/d217170a753f9aeb00f2f9bacc32b269
76,3,A1,Politics,argue about politics,Argue about politics,זה הקמפיין השלישי שלו.,This is his third campaign.,https://d1vq87e9lcf771.cloudfront.net/he_v1/478f194c58a845b6a95b6a263f70bcbf
76,3,A1,Politics,argue about politics,Argue about politics,היא המועמדת הרצינית ביותר.,She is the most serious candidate.,https://d1vq87e9lcf771.cloudfront.net/he_v1/a52cd087a5aea1ad3200c2ce83cd1980
77,3,A1,Diminutive,make poetic descriptions,Make poetic descriptions,העלים האדמדמים נופלים לאדמה.,The reddish leaves are falling to the ground.,https://d1vq87e9lcf771.cloudfront.net/he_v1/73a5a2396a27c5ae9f4df78f38646ae0
77,3,A1,Diminutive,make poetic descriptions,Make poetic descriptions,הידית מסתובבת והדלת נפתחת.,The handle turns and the door is opened.,https://d1vq87e9lcf771.cloudfront.net/he_v1/26ac429632f034f48600e385ac43ee7b
77,3,A1,Diminutive,make poetic descriptions,Make poetic descriptions,הגחליליות מופיעות בשדה בלילה.,The fireflies appear in the field at night.,https://d1vq87e9lcf771.cloudfront.net/he_v1/a6d3851b4af15d5f1ad300776fc9d481
77,3,A1,Diminutive,make poetic descriptions,Make poetic descriptions,החתלתול הקטנטן יושב על הצלוחית.,The tiny kitten is sitting on the saucer.,https://d1vq87e9lcf771.cloudfront.net/he_v1/ba818d47a09a6cde6be843e74e0e4a59
78,3,A1,Legends,tell fairy tales,Tell fairy tales,האגדה מספרת על דרקון שגר בארמון.,The legend tells of a dragon that lives in a palace.,https://d1vq87e9lcf771.cloudfront.net/he_v1/bda21a6e5788a24223bec419e110aacd
78,3,A1,Legends,tell fairy tales,Tell fairy tales,האביר מביא את הסוס שלו למשתה.,The knight brings his horse to the banquet.,https://d1vq87e9lcf771.cloudfront.net/he_v1/bcb0506a40d78eb0422d9df5c8f9d8ec
78,3,A1,Legends,tell fairy tales,Tell fairy tales,גשם של חצים יורד על האויב.,A rain of arrows falls on the enemy.,https://d1vq87e9lcf771.cloudfront.net/he_v1/18fc854daa200bb0e7cad59bc5124f7a
78,3,A1,Legends,tell fairy tales,Tell fairy tales,החרב שברה את המגן של האביר.,The sword broke the knight's shield.,https://d1vq87e9lcf771.cloudfront.net/he_v1/45960439c4de77f415dfab22784349b7
79,3,A1,Futur.Nif.,form the future passive,Form the future passive,בוא ניפגש מחר.,Let's meet tomorrow.,https://d1vq87e9lcf771.cloudfront.net/he_v1/663ef32cd370478531201213298cd287
79,3,A1,Futur.Nif.,form the future passive,Form the future passive,אני אהנה מהסרט.,I will enjoy the movie.,https://d1vq87e9lcf771.cloudfront.net/he_v1/fa8d6facb399b6d92793cda31f8ac796
79,3,A1,Futur.Nif.,form the future passive,Form the future passive,אם נישאר ביחד לא ניפגע.,If we stay together we will not get hurt.,https://d1vq87e9lcf771.cloudfront.net/he_v1/e56cd2fc890e37a8bb690a3c6a089a33
79,3,A1,Futur.Nif.,form the future passive,Form the future passive,המכתב יישלח מחר בבוקר.,The letter will be sent tomorrow morning.,https://d1vq87e9lcf771.cloudfront.net/he_v1/0c1ed3d9ddf240cd866247a07d7a8721
80,3,A1,Formal,use formal language,Use formal language,"סליחה גברתי, את יודעת מה השעה?","Excuse me, madam, do you know what time it is?",https://d1vq87e9lcf771.cloudfront.net/he_v1/c0a9f77904e8a0515fe2a8f8392fd9b6
80,3,A1,Formal,use formal language,Use formal language,כיצד אני יכולה לעזור לךָ אדוני?,"How can I help you, sir?",https://d1vq87e9lcf771.cloudfront.net/he_v1/8155cd4dbf760ea8ae1d89bc7489576d
80,3,A1,Formal,use formal language,Use formal language,אנא הקשיבו.,Please listen.,https://d1vq87e9lcf771.cloudfront.net/he_v1/95d4259bf388eaeecaaef16c488868dc
80,3,A1,Formal,use formal language,Use formal language,הבה לא נשכח מאין באנו.,Let us not forget where we came from.,https://d1vq87e9lcf771.cloudfront.net/he_v1/d3b977d33f20e6105b27f81f7db1add1
81,3,A1,Business,talk business,Talk business,ההשקעה הזאת מסוכנת מדי.,This investment is too risky.,https://d1vq87e9lcf771.cloudfront.net/he_v1/7e65a39e6fc84737e59063001a0ee3fa
81,3,A1,Business,talk business,Talk business,יש לךְ כרטיס ביקור?,Do you have a business card?,https://d1vq87e9lcf771.cloudfront.net/he_v1/1cfa2b69ab95b2dcd0b67fb9ac7f1641
81,3,A1,Business,talk business,Talk business,החוזה יהיה באירו.,The contract will be in Euros.,https://d1vq87e9lcf771.cloudfront.net/he_v1/a2109b543297a63cce399e859188d3ca
81,3,A1,Business,talk business,Talk business,"זאת עסקה טובה, אבל התקציב שלנו נמוך.","It is a good deal, but our budget is low.",https://d1vq87e9lcf771.cloudfront.net/he_v1/d6e908883323837dba4b257d5bdeb0cf
81,3,A1,Business,talk business,Talk business,המנהל בודק את שער החליפין של השקל מול הדולר.,The manager is checking the exchange rate of the shekel to the dollar.,https://d1vq87e9lcf771.cloudfront.net/he_v1/cd725bf51281e5c75126041b10b6a2f8
82,3,A1,Space,describe outer space,Describe outer space,טבעות שבתאי עשויות מקרח.,Saturn's rings are made of ice.,https://d1vq87e9lcf771.cloudfront.net/he_v1/d9d6d86f6a91958dcdb8ca4c1352dd79
82,3,A1,Space,describe outer space,Describe outer space,צדק הוא כוכב הלכת הגדול ביותר במערכת השמש שלנו.,Jupiter is the largest planet in our solar system.,https://d1vq87e9lcf771.cloudfront.net/he_v1/e1cf5d81360b63cb894505e166764ace
82,3,A1,Space,describe outer space,Describe outer space,הלוויין הישראלי הגיע לאתר השיגור.,The Israeli satellite arrived at the launch site.,https://d1vq87e9lcf771.cloudfront.net/he_v1/6f46988d0d36ee9441f5f41de6f85335
82,3,A1,Space,describe outer space,Describe outer space,החללית נכנסת למסלול הסופי שלה.,The spaceship is entering its final orbit.,https://d1vq87e9lcf771.cloudfront.net/he_v1/86b2c2a5ce34d5c59e1a21ad3b113367
83,3,A1,Festivals,talk about festivals,Talk about festivals,ראש השנה הוא היום הראשון של השנה היהודית.,Rosh Ha'shana is the first day of the Jewish year.,https://d1vq87e9lcf771.cloudfront.net/he_v1/750fa1f8f1219b21c0a3fc99a87b6f19
83,3,A1,Festivals,talk about festivals,Talk about festivals,יום כיפור הוא יום צום.,Yom Kippur is a fast day.,https://d1vq87e9lcf771.cloudfront.net/he_v1/6837af02695567b2060b3bd9c4f1e0c9
83,3,A1,Festivals,talk about festivals,Talk about festivals,אחרי סוכות אנחנו חוגגים את שמחת תורה.,After Sukkot we celebrate Simchat Torah.,https://d1vq87e9lcf771.cloudfront.net/he_v1/24aa6131b7d8db4b89473aa48ee22800
83,3,A1,Festivals,talk about festivals,Talk about festivals,בכל שנה סבתא שלי מזמינה את כל המשפחה לחגוג את ליל הסדר אצלה בבית.,Every year my grandmother invites the entire family to celebrate the Passover Seder at her house.,https://d1vq87e9lcf771.cloudfront.net/he_v1/126e3b6808250eb89cc8375d988afce2
84,3,A1,Israel,describe Israel,Describe Israel,אחותי רוצָה ללמוד עברית אז היא הולכת לאולפן.,"My sister wants to learn Hebrew, so she goes to an ulpan.",https://d1vq87e9lcf771.cloudfront.net/he_v1/fa99c2cd3f799d042e05341b8036b80a
84,3,A1,Israel,describe Israel,Describe Israel,יום העצמאות מתחיל בשקיעה.,The Independence Day begins at sunset.,https://d1vq87e9lcf771.cloudfront.net/he_v1/e0fabb2e1de1988cbc2fd802092416d5
84,3,A1,Israel,describe Israel,Describe Israel,הכנרת היא מקור מים חשוב.,The Sea of Galilee is an important water source.,https://d1vq87e9lcf771.cloudfront.net/he_v1/6745e834db8e3cd5f5a80276ea94a1c9
84,3,A1,Israel,describe Israel,Describe Israel,ים המלח הוא המקום הנמוך ביותר בעולם.,The Dead Sea is the lowest place on Earth.,https://d1vq87e9lcf771.cloudfront.net/he_v1/6f632f1e4a70e52272fcd99fd8b3066b
